3,0
6,0
9,0
12,0
15,0
18,0
21,0
24,0
27,0
30,0
33,0
36,0
39,0
42,0
45,0
48,0
51,0
54,0
57,0
60,0
63,0
66,0
69,0
72,0
75,0
78,0
81,0
84,0
87,0
90,0
93,0
96,0
99,0
102,0
105,0
108,0
111,0
114,0
117,0
120,0
123,0
126,0
129,0
132,0
135,0
138,0
141,0
144,0
147,0
150,0
153,0
156,0
159,0
162,0
165,0
168,0
171,0
174,0
177,0
180,0
183,0
186,0
189,0
192,0
195,0
198,0
201,0
204,0
207,0
210,0
213,0
216,0
219,0
222,0
225,0
228,0
231,0
234,0
237,0
240,0
243,0
246,0
249,0
252,0
255,0
258,0
261,0
264,0
267,0
270,0
273,0
276,0
279,0
282,0
285,0
288,0
291,0
294,0
297,0
300,0
303,0
306,0
309,0
312,0
315,0
318,0
321,0
324,0
327,0
330,0
333,0
336,0
339,0
342,0
345,0
348,0
351,0
354,0
357,0
360,0
363,0
366,0
369,0
372,0
375,0
378,0
381,0
384,0
387,0
390,0
393,0
396,0
399,0
402,0
405,0
408,0
411,0
414,0
417,0
420,0
423,0
426,0
429,0
432,0
435,0
438,0
441,0
444,0
447,0
450,0
453,0
456,0
459,0
462,0
465,0
468,0
471,0
474,0
477,0
480,0
483,0
486,0
489,0
492,0
495,0
498,0
501,0
504,0
507,0
510,0
513,0
516,0
519,0
522,0
525,0
528,0
531,0
534,0
537,0
540,0
543,0
546,0
549,0
552,18.5
555,18.5
558,3.4
561,3.3
564,3.2
567,3.2
570,3.2
573,3.2
576,3.3
579,3.3
582,3.3
585,3.3
588,3.4
591,3.4
594,3.5
597,3.5
600,3.4
603,3.3
606,3.3
609,3.3
612,3.2
615,3.2
618,3.3
621,3.3
624,3.2
627,3.3
630,3.2
633,3.2
636,3.2
639,3.3
642,3.2
645,3.2
648,3.2
651,3.2
654,3.2
657,3.2
660,3.3
663,3.2
666,3.2
669,3.2
672,3.2
675,3.2
678,3.2
681,3.2
684,3.2
687,3.2
690,3.1
693,3.2
696,3.2
699,3.2
702,3.2
705,3.2
708,3.2
711,3.2
714,3.2
717,3.2
720,3.1
723,3.1
726,3.1
729,3.2
732,3.2
735,3.1
738,3.1
741,3.1
744,3.1
747,3.2
750,3.2
753,3.2
756,3.2
759,3.2
762,3.1
765,3.1
768,3.1
771,3.1
774,3.1
777,3.1
780,3.1
783,3.1
786,3.2
789,3.2
792,3.1
795,3.1
798,3.1
801,3.1
804,3.1
807,3.1
810,3.2
813,3.1
816,3.2
819,3.2
822,3.1
825,3.2
828,3.2
831,3.1
834,3.1
837,3.1
840,3.1
843,3.2
846,3.1
849,3.1
852,3.2
855,3.2
858,3.2
861,3.1
864,3.1
867,3.1
870,3.2
873,3.1
876,3.1
879,3.2
882,3.1
885,3.1
888,3.1
891,3.1
894,3.1
897,3.1
900,3.1
903,3.1
906,3.1
909,3.1
912,3.1
915,3.1
918,3.1
921,3.1
924,3.2
927,3.1
930,3.2
933,3.1
936,3.1
939,3.1
942,3.1
945,3.2
948,3.1
951,3.1
954,3.1
957,3.1
960,3.2
963,3.1
966,3.1
969,3.1
972,3.2
975,3.1
978,3.1
981,3.1
984,3.1
987,3.1
990,3.1
993,3.2
996,3.1
999,3.2
1002,3.1
1005,3.2
1008,3.1
1011,3.1
1014,3.2
1017,3.1
1020,3.1
1023,3.1
1026,3.1
1029,3.1
1032,3.2
1035,3.2
1038,3.2
1041,3.1
1044,3.1
1047,3.1
1050,3.1
1053,3.2
1056,3.2
1059,3.1
1062,3.2
1065,3.1
1068,3.1
1071,3.1
1074,3.1
1077,3.1
1080,3.1
1083,3.2
1086,3.1
1089,3.2
1092,3.1
1095,3.2
1098,3.1
1101,3.1
1104,3.1
1107,3.1
1110,3.1
1113,3.2
1116,3.2
1119,3.2
1122,3.1
1125,3.2
1128,3.1
1131,3.1
1134,3.2
1137,3.2
1140,3.2
1143,3.1
1146,3.2
1149,3.1
1152,3.1
1155,3.2
1158,3.2
1161,3.1
1164,3.1
1167,3.2
1170,3.1
1173,3.2
1176,3.2
1179,3.1
1182,3.1
1185,3.1
1188,3.2
1191,3.1
1194,3.2
1197,3.1
1200,3.2
1203,3.1
1206,3.1
1209,3.2
1212,3.1
1215,3.2
1218,3.1
1221,3.1
1224,3.1
1227,3.1
1230,3.2
1233,3.1
1236,3.2
1239,3.2
1242,3.1
1245,3.1
1248,3.2
1251,3.1
1254,3.2
1257,3.2
1260,3.1
1263,3.1
1266,3.1
1269,3.2
1272,3.1
1275,3.2
1278,3.1
1281,3.2
1284,3.1
1287,3.2
1290,3.1
1293,3.2
1296,3.2
1299,3.2
1302,3.2
1305,3.1
1308,3.1
1311,3.2
1314,3.2
1317,3.1
1320,3.1
1323,3.2
1326,3.1
1329,3.2
1332,3.1
1335,3.1
1338,3.1
1341,3.2
1344,3.2
1347,3.2
1350,3.2
1353,3.2
1356,3.1
1359,3.2
1362,3.1
1365,3.2
1368,3.2
1371,3.1
1374,3.2
1377,3.2
1380,3.1
1383,3.1
1386,3.2
1389,3.2
1392,3.2
1395,3.2
1398,3.2
1401,3.2
1404,3.2
1407,3.2
1410,3.2
1413,3.2
1416,3.2
1419,3.2
1422,3.2
1425,3.1
1428,3.1
1431,3.2
1434,3.2
1437,3.2
1440,3.1
1443,3.1
1446,3.1
1449,3.2
1452,3.2
1455,3.2
1458,3.2
1461,3.1
1464,3.2
1467,3.1
1470,3.2
1473,3.1
1476,3.2
1479,3.2
1482,3.2
1485,3.1
1488,3.2
1491,3.1
1494,3.2
1497,3.2
1500,3.2
1503,3.2
1506,3.1
1509,3.2
1512,3.2
1515,3.2
1518,3.2
1521,3.2
1524,3.1
1527,3.2
1530,3.2
1533,3.2
1536,3.1
1539,3.2
1542,3.2
1545,3.2
1548,3.1
1551,3.2
1554,3.2
1557,3.2
1560,3.2
1563,3.2
1566,3.2
1569,3.2
1572,3.2
1575,3.2
1578,3.2
1581,3.2
1584,3.1
1587,3.2
1590,3.1
1593,3.2
1596,3.2
1599,3.2
1602,3.2
1605,3.2
1608,3.2
1611,3.2
1614,3.2
1617,3.2
1620,3.2
1623,3.2
1626,3.1
1629,3.1
1632,3.2
1635,3.2
1638,3.2
1641,3.2
1644,3.2
1647,3.1
1650,3.1
1653,3.1
1656,3.2
1659,3.2
1662,3.2
1665,3.2
1668,3.2
1671,3.2
1674,3.1
1677,3.2
1680,3.2
1683,3.2
1686,3.1
1689,3.2
1692,3.2
1695,3.2
1698,3.2
1701,3.2
1704,3.1
1707,3.2
1710,3.2
1713,3.2
1716,3.2
1719,3.2
1722,3.2
1725,3.2
1728,3.2
1731,3.2
1734,3.2
1737,3.2
1740,3.2
1743,3.2
1746,3.2
1749,3.2
1752,3.2
1755,3.2
1758,3.2
1761,3.2
1764,3.1
1767,3.2
1770,3.2
1773,3.2
1776,3.2
1779,3.2
1782,3.2
1785,3.2
1788,3.2
1791,3.2
1794,3.2
1797,3.2
1800,3.2
1803,3.2
1806,3.2
1809,3.2
1812,3.2
1815,3.2
1818,3.2
1821,3.2
1824,3.2
1827,3.2
1830,3.1
1833,3.2
1836,3.2
1839,3.2
1842,3.2
1845,3.2
1848,3.2
1851,3.2
1854,3.2
1857,3.2
1860,3.2
1863,3.2
1866,3.2
1869,3.1
1872,3.2
1875,3.2
1878,3.2
1881,3.2
1884,3.2
1887,3.2
1890,3.2
1893,3.2
1896,3.2
1899,3.2
1902,3.2
1905,3.2
1908,3.2
1911,3.2
1914,3.2
1917,3.2
1920,3.2
1923,3.1
1926,3.2
1929,3.2
1932,3.1
1935,3.2
1938,3.2
1941,3.2
1944,3.2
1947,3.2
1950,3.2
1953,3.2
1956,3.1
1959,3.3
1962,3.2
1965,3.1
1968,3.2
1971,3.2
1974,3.2
1977,3.2
1980,3.2
1983,3.2
1986,3.2
1989,3.2
1992,3.3
1995,3.2
1998,3.3
2001,3.2
2004,3.2
2007,3.2
2010,3.2
2013,3.2
2016,3.1
2019,3.2
2022,3.2
2025,3.2
2028,3.2
2031,3.2
2034,3.2
2037,3.2
2040,3.2
2043,3.2
2046,3.2
2049,3.2
2052,3.2
2055,3.2
2058,3.2
2061,3.2
2064,3.2
2067,3.2
2070,3.2
2073,3.3
2076,3.2
2079,3.2
2082,3.2
2085,3.1
2088,3.2
2091,3.2
2094,3.2
2097,3.2
2100,3.2
2103,3.2
2106,3.1
2109,3.2
2112,3.2
2115,3.2
2118,3.2
2121,3.2
2124,3.2
2127,3.2
2130,3.2
2133,3.3
2136,3.2
2139,3.2
2142,3.2
2145,3.2
2148,3.2
2151,3.2
2154,3.2
2157,3.2
2160,3.3
2163,3.2
2166,3.2
2169,3.2
2172,3.2
2175,3.3
2178,3.2
2181,3.2
2184,3.2
2187,3.2
2190,3.2
2193,3.2
2196,3.2
2199,3.2
2202,3.2
2205,3.2
2208,3.1
2211,3.2
2214,3.2
2217,3.3
2220,3.2
2223,3.2
2226,3.2
2229,3.2
2232,3.2
2235,3.3
2238,3.3
2241,3.1
2244,3.1
2247,3.2
2250,3.2
2253,3.2
2256,3.2
2259,3.2
2262,3.2
2265,3.2
2268,3.2
2271,3.2
2274,3.2
2277,3.2
2280,3.2
2283,3.2
2286,3.2
2289,3.2
2292,3.2
2295,3.2
2298,3.2
2301,3.2
2304,3.1
2307,3.2
2310,3.2
2313,3.2
2316,3.2
2319,3.2
2322,3.2
2325,3.2
2328,3.2
2331,3.2
2334,3.2
2337,3.2
2340,3.2
2343,3.2
2346,3.2
2349,3.2
2352,3.2
2355,3.2
2358,3.2
2361,3.2
2364,3.2
2367,3.2
2370,3.2
2373,3.2
2376,3.2
2379,3.2
2382,3.2
2385,3.2
2388,3.2
2391,3.2
2394,3.2
2397,3.2
2400,3.2
2403,3.2
2406,3.2
2409,3.2
2412,3.2
2415,3.2
2418,3.2
2421,3.2
2424,3.2
2427,3.2
2430,3.2
2433,3.2
2436,3.2
2439,3.2
2442,3.2
2445,3.2
2448,3.2
2451,3.2
2454,3.2
2457,3.2
2460,3.2
2463,3.2
2466,3.2
2469,3.2
2472,3.2
2475,3.3
2478,3.2
2481,3.2
2484,3.2
2487,3.2
2490,3.2
2493,3.2
2496,3.2
2499,3.2
2502,3.2
2505,3.2
2508,3.2
2511,3.2
2514,3.2
2517,3.2
2520,3.2
2523,3.2
2526,3.3
2529,3.2
2532,3.3
2535,3.2
2538,3.2
2541,3.2
2544,3.2
2547,3.2
2550,3.2
2553,3.3
2556,3.2
2559,3.3
2562,3.2
2565,3.2
2568,3.2
2571,3.2
2574,3.3
2577,3.2
2580,3.2
2583,3.2
2586,3.2
2589,3.2
2592,3.3
2595,3.3
2598,3.5
2601,11.4
2604,10.7
2607,10.7
2610,10.8
2613,27.1
2616,13.6
2619,11.9
2622,11.8
2625,11.8
2628,11.8
2631,11.9
2634,11.9
2637,11.9
2640,11.8
2643,11.8
2646,11.8
2649,11.9
2652,11.9
2655,11.8
2658,11.9
2661,11.9
2664,11.8
2667,11.8
2670,11.8
2673,11.9
2676,11.9
2679,11.9
2682,11.8
2685,11.8
2688,11.8
2691,11.9
2694,11.9
2697,11.9
2700,11.9
2703,11.9
2706,11.8
2709,11.8
2712,11.9
2715,11.9
2718,11.9
2721,11.9
2724,11.9
2727,11.9
2730,11.9
2733,60.9
2736,61
2739,61
2742,60.8
2745,60.7
2748,60.8
2751,60.8
2754,60.8
2757,60.8
2760,60.8
2763,60.8
2766,60.7
2769,60.8
2772,60.8
2775,9.7
2778,9.7
2781,9.6
2784,9.4
2787,9.4
2790,9.5
2793,9.5
2796,9.5
2799,9.6
2802,9.6
2805,9.4
2808,9.5
2811,9.6
2814,9.6
2817,9.5
2820,9.5
2823,9.5
2826,9.6
2829,9.6
2832,9.7
2835,1.1
2838,1
2841,0.9
2844,0.9
2847,0.9
2850,0.9
2853,1
2856,1
2859,1
2862,0.9
2865,1
2868,0.9
2871,1
2874,1
2877,1
2880,1
2883,1
2886,0.9
2889,0.9
2892,1
2895,1
2898,1
2901,1
2904,0.9
2907,0.9
2910,1
2913,0.9
2916,1
2919,0.9
2922,1
2925,0.9
2928,0.9
2931,0.9
2934,0.9
2937,0.9
2940,0.9
2943,0.9
2946,0.8
2949,0.8
2952,0.9
2955,1
2958,0.9
2961,1
2964,0.8
2967,0.9
2970,0.9
2973,0.9
2976,1
2979,0.9
2982,0.9
2985,0.8
2988,0.9
2991,0.9
2994,0.9
2997,0.9
3000,0.9
3003,0.8
3006,0.9
3009,0.9
3012,0.9
3015,0.9
3018,0.9
3021,0.9
3024,0.9
3027,0.9
3030,0.9
3033,0.9
3036,0.9
3039,0.9
3042,0.8
3045,0.9
3048,0.9
3051,0.9
3054,1
3057,0.9
3060,0.9
3063,0.9
3066,0.9
3069,0.9
3072,0.9
3075,0.9
3078,1
3081,0.9
3084,0.9
3087,0.8
3090,0.9
3093,0.9
3096,0.9
3099,0.9
3102,0.9
3105,0.8
3108,0.9
3111,0.9
3114,0.9
3117,0.9
3120,0.9
3123,0.9
3126,0.8
3129,0.9
3132,0.9
3135,0.9
3138,1
3141,0.9
3144,0.8
3147,0.8
3150,0.9
3153,1
3156,0.9
3159,0.9
3162,0.9
3165,0.9
3168,0.8
3171,0.9
3174,1
3177,0.9
3180,0.9
3183,0.9
3186,0.8
3189,0.9
3192,0.9
3195,0.9
3198,0.9
3201,0.9
3204,0.9
3207,0.8
3210,0.9
3213,1
3216,0.9
3219,0.9
3222,0.8
3225,0.8
3228,0.9
3231,0.9
3234,0.9
3237,1
3240,0.9
3243,0.9
3246,0.9
3249,0.8
3252,0.9
3255,1
3258,0.9
3261,0.9
3264,0.8
3267,0.9
3270,0.9
3273,0.9
3276,0.9
3279,1
3282,0.9
3285,0.9
3288,0.9
3291,0.9
3294,0.9
3297,1
3300,0.9
3303,0.9
3306,0.9
3309,0.9
3312,0.9
3315,0.9
3318,1
3321,0.9
3324,0.9
3327,0.9
3330,0.9
3333,0.9
3336,1
3339,1
3342,0.9
3345,0.8
3348,0.9
3351,0.9
3354,0.9
3357,0.9
3360,0.9
3363,0.9
3366,0.9
3369,0.9
3372,0.9
3375,0.9
3378,1
3381,0.9
3384,0.8
3387,0.8
3390,0.9
3393,0.9
3396,1
3399,0.9
3402,0.9
3405,0.9
3408,0.9
3411,0.9
3414,0.9
3417,0.9
3420,0.9
3423,0.9
3426,0.9
3429,0.8
3432,1
3435,0.9
3438,0.9
3441,0.9
3444,0.8
3447,0.9
3450,0.8
3453,0.9
3456,0.9
3459,0.9
3462,0.8
3465,0.9
3468,0.9
3471,0.9
3474,0.9
3477,1
3480,0.9
3483,0.9
3486,0.8
3489,0.9
3492,0.9
3495,0.9
3498,0.9
3501,0.9
3504,0.9
3507,0.9
3510,0.9
3513,0.9
3516,0.9
3519,0.9
3522,0.9
3525,0.9
3528,0.9
3531,1
3534,0.9
3537,0.9
3540,1
3543,0.9
3546,0.9
3549,0.9
3552,0.9
3555,1
3558,0.9
3561,0.9
3564,0.9
3567,0.9
3570,0.8
3573,0.9
3576,0.9
3579,0.9
3582,0.9
3585,0.9
3588,0.9
3591,0.9
3594,1
3597,0.9
3600,0.9
3603,0.9
3606,0.9
3609,0.9
3612,0.9
3615,1
3618,0.9
3621,0.9
3624,0.8
3627,0.8
3630,0.9
3633,0.9
3636,0.9
3639,0.9
3642,0.9
3645,0.9
3648,0.9
3651,0.9
3654,1
3657,0.9
3660,0.8
3663,0.9
3666,0.8
3669,0.9
3672,0.9
3675,0.9
3678,0.9
3681,0.9
3684,0.9
3687,0.8
3690,0.9
3693,0.9
3696,1
3699,0.9
3702,0.9
3705,0.9
3708,0.9
3711,0.9
3714,1
3717,1
3720,0.9
3723,0.9
3726,0.9
3729,0.9
3732,0.9
3735,0.9
3738,0.9
3741,0.9
3744,0.9
3747,0.9
3750,0.9
3753,0.9
3756,1
3759,0.9
3762,0.9
3765,0.9
3768,0.9
3771,0.9
3774,0.9
3777,0.9
3780,0.9
3783,0.9
3786,2.3
3789,61
3792,61
3795,61
3798,60.8
3801,60.7
3804,60.7
3807,60.8
3810,60.8
3813,60.8
3816,60.8
3819,60.8
3822,60.7
3825,60.7
3828,14.2
3831,9.5
3834,9.5
3837,9.5
3840,9.6
3843,9.5
3846,9.5
3849,9.5
3852,9.6
3855,9.6
3858,9.6
3861,9.5
3864,9.5
3867,9.5
3870,9.6
3873,9.6
3876,1
3879,1
3882,0.9
3885,0.9
3888,0.9
3891,0.9
3894,1
3897,1
3900,1
3903,0.9
3906,1
3909,0.9
3912,1
3915,1
3918,0.9
3921,0.9
3924,1
3927,0.9
3930,0.9
3933,1
3936,1
3939,1
3942,0.9
3945,1
3948,1
3951,0.9
3954,1
3957,0.9
3960,1
3963,0.9
3966,0.9
3969,0.9
3972,1
3975,1
3978,1
3981,1
3984,0.9
3987,0.9
3990,0.9
3993,0.9
3996,1
3999,0.9
4002,0.9
4005,0.8
4008,0.8
4011,1
4014,0.9
4017,0.9
4020,0.9
4023,0.9
4026,0.8
4029,0.9
4032,0.9
4035,1
4038,0.9
4041,0.9
4044,0.9
4047,0.9
4050,0.9
4053,1
4056,0.9
4059,0.9
4062,0.8
4065,0.9
4068,0.9
4071,0.9
4074,1
4077,0.9
4080,0.9
4083,0.8
4086,0.8
4089,0.9
4092,0.9
4095,1
4098,0.9
4101,0.9
4104,0.9
4107,0.9
4110,0.9
4113,0.9
4116,1
4119,0.9
4122,0.9
4125,0.9
4128,0.8
4131,0.9
4134,1
4137,0.9
4140,0.9
4143,0.9
4146,0.9
4149,0.9
4152,0.9
4155,1
4158,1
4161,0.9
4164,0.8
4167,0.9
4170,0.9
4173,1
4176,0.9
4179,0.9
4182,0.9
4185,0.9
4188,0.9
4191,0.8
4194,0.9
4197,0.9
4200,0.9
4203,0.8
4206,0.9
4209,0.9
4212,1
4215,0.9
4218,0.9
4221,0.9
4224,0.9
4227,0.9
4230,0.9
4233,0.9
4236,0.9
4239,1
4242,0.9
4245,0.9
4248,0.9
4251,1
4254,0.9
4257,1
4260,0.9
4263,0.9
4266,0.9
4269,0.9
4272,0.9
4275,0.9
4278,1
4281,0.9
4284,0.9
4287,0.9
4290,0.9
4293,0.9
4296,1
4299,1
4302,0.9
4305,0.9
4308,0.9
4311,0.9
4314,0.9
4317,0.9
4320,0.9
4323,0.9
4326,0.9
4329,0.9
4332,0.9
4335,0.9
4338,1
4341,0.9
4344,0.9
4347,0.8
4350,0.9
4353,0.9
4356,0.9
4359,0.9
4362,0.9
4365,0.9
4368,0.9
4371,0.9
4374,1
4377,0.9
4380,0.9
4383,0.9
4386,0.9
4389,0.9
4392,0.9
4395,0.9
4398,0.9
4401,0.9
4404,0.9
4407,0.9
4410,0.9
4413,1
4416,0.9
4419,0.9
4422,0.9
4425,0.8
4428,0.9
4431,0.9
4434,0.9
4437,0.9
4440,0.9
4443,0.9
4446,0.8
4449,0.9
4452,0.9
4455,1
4458,0.9
4461,0.9
4464,0.9
4467,0.9
4470,0.9
4473,1
4476,1
4479,1
4482,0.9
4485,0.8
4488,0.9
4491,0.9
4494,1
4497,0.9
4500,0.9
4503,0.8
4506,0.9
4509,0.9
4512,1
4515,1
4518,0.9
4521,0.9
4524,0.9
4527,0.9
4530,0.9
4533,1
4536,0.9
4539,1
4542,0.9
4545,0.8
4548,0.9
4551,0.9
4554,0.9
4557,0.9
4560,0.9
4563,0.9
4566,0.8
4569,0.9
4572,1
4575,1
4578,0.9
4581,0.9
4584,0.9
4587,0.8
4590,0.9
4593,1
4596,0.9
4599,0.9
4602,0.9
4605,0.8
4608,0.9
4611,0.8
4614,0.9
4617,0.9
4620,0.9
4623,0.9
4626,0.9
4629,0.9
4632,0.9
4635,1
4638,0.9
4641,0.9
4644,0.8
4647,0.9
4650,0.9
4653,0.9
4656,1
4659,0.9
4662,0.9
4665,0.9
4668,0.9
4671,0.9
4674,0.9
4677,1
4680,0.9
4683,0.9
4686,0.9
4689,0.9
4692,0.9
4695,0.9
4698,0.9
4701,0.9
4704,0.8
4707,0.9
4710,0.9
4713,0.9
4716,0.9
4719,0.9
4722,0.9
4725,0.9
4728,0.9
4731,0.9
4734,0.9
4737,1
4740,0.9
4743,0.8
4746,0.8
4749,0.8
4752,0.9
4755,0.9
4758,1
4761,0.9
4764,0.9
4767,0.9
4770,0.9
4773,0.9
4776,1
4779,0.9
4782,0.8
4785,0.9
4788,0.8
4791,0.9
4794,0.9
4797,1
4800,0.9
4803,0.9
4806,0.9
4809,0.8
4812,0.9
4815,0.9
4818,0.9
4821,0.9
4824,0.9
4827,0.9
4830,0.9
4833,0.9
4836,0.9
4839,0.9
4842,0.8
4845,0.9
4848,0.9
4851,0.9
4854,0.9
4857,0.9
4860,0.9
4863,0.9
4866,0.9
4869,0.9
4872,0.9
4875,0.9
4878,1
4881,0.9
4884,0.9
4887,0.9
4890,0.9
4893,1
4896,1
4899,1
4902,0.9
4905,0.9
4908,0.8
4911,0.9
4914,0.9
4917,0.9
4920,0.9
4923,0.9
4926,0.8
4929,0.9
4932,0.9
4935,0.9
4938,0.9
4941,0.9
4944,0.8
4947,0.9
4950,0.9
4953,0.9
4956,1
4959,0.9
4962,0.8
4965,0.9
4968,0.9
4971,0.9
4974,0.9
4977,1
4980,0.9
4983,0.9
4986,0.8
4989,0.9
4992,0.9
4995,1
4998,0.9
5001,0.9
5004,0.9
5007,0.9
5010,0.9
5013,0.9
5016,0.9
5019,0.9
5022,0.9
5025,0.9
5028,0.9
5031,0.9
5034,0.9
5037,0.9
5040,0.9
5043,0.9
5046,0.9
5049,0.8
5052,0.9
5055,0.9
5058,1
5061,0.9
5064,0.9
5067,0.9
5070,0.9
5073,0.9
5076,0.9
5079,0.9
5082,0.9
5085,0.8
5088,0.9
5091,0.9
5094,0.9
5097,0.9
5100,0.9
5103,0.8
5106,0.9
5109,0.9
5112,0.9
5115,1
5118,1
5121,0.9
5124,0.8
5127,0.9
5130,0.9
5133,1
5136,0.9
5139,0.9
5142,0.9
5145,0.9
5148,0.9
5151,0.9
5154,1
5157,0.9
5160,0.9
5163,0.9
5166,0.9
5169,0.9
5172,1
5175,0.9
5178,0.9
5181,0.9
5184,0.9
5187,0.9
5190,0.9
5193,1
5196,1
5199,0.9
5202,0.9
5205,0.9
5208,0.9
5211,0.9
5214,0.9
5217,0.9
5220,0.9
5223,0.9
5226,0.9
5229,0.9
5232,0.9
5235,1
5238,0.9
5241,0.9
5244,0.9
5247,0.9
5250,0.9
5253,1
5256,0.9
5259,1
5262,0.9
5265,0.9
5268,0.9
5271,0.8
5274,0.9
5277,1
5280,0.9
5283,0.9
5286,0.9
5289,0.9
5292,0.9
5295,0.9
5298,1
5301,0.9
5304,0.8
5307,0.9
5310,0.9
5313,0.9
5316,1
5319,1
5322,0.9
5325,0.9
5328,0.9
5331,0.9
5334,0.9
5337,0.9
5340,0.9
5343,0.9
5346,0.8
5349,0.9
5352,0.9
5355,0.9
5358,1
5361,0.9
5364,0.8
5367,0.9
5370,0.9
5373,0.9
5376,1
5379,0.9
5382,0.9
5385,0.9
5388,0.9
5391,0.9
5394,0.9
5397,1
5400,0.9
5403,0.9
5406,0.8
5409,0.9
5412,0.9
5415,0.9
5418,1
5421,0.8
5424,0.9
5427,0.8
5430,0.9
5433,1
5436,1
5439,0.9
5442,0.8
5445,0.9
5448,0.9
5451,0.9
5454,0.9
5457,0.9
5460,0.9
5463,0.9
5466,0.9
5469,0.9
5472,0.9
5475,0.9
5478,0.9
5481,0.9
5484,0.9
5487,0.8
5490,0.9
5493,0.9
5496,0.9
5499,1
5502,0.9
5505,0.9
5508,0.9
5511,0.9
5514,1
5517,1
5520,1
5523,0.9
5526,0.9
5529,0.9
5532,0.9
5535,0.9
5538,0.9
5541,0.9
5544,0.9
5547,0.8
5550,0.9
5553,0.9
5556,1
5559,1
5562,0.9
5565,0.9
5568,0.9
5571,0.9
5574,1
5577,0.9
5580,0.9
5583,0.8
5586,0.9
5589,0.9
5592,0.9
5595,0.9
5598,1
5601,0.9
5604,0.9
5607,0.8
5610,0.9
5613,1
5616,1
5619,0.9
5622,0.9
5625,0.9
5628,0.9
5631,0.9
5634,0.9
5637,0.9
5640,0.9
5643,0.9
5646,0.9
5649,0.9
5652,1
5655,1
5658,0.9
5661,0.9
5664,0.9
5667,0.9
5670,0.9
5673,1
5676,0.9
5679,0.9
5682,0.9
5685,0.9
5688,0.9
5691,0.9
5694,1
5697,1
5700,0.9
5703,0.9
5706,0.9
5709,0.8
5712,0.9
5715,0.9
5718,1
5721,0.9
5724,0.9
5727,0.8
5730,0.9
5733,0.9
5736,0.9
5739,0.9
5742,0.9
5745,0.9
5748,0.9
5751,0.9
5754,1
5757,0.9
5760,1
5763,0.9
5766,0.9
5769,0.9
5772,1
5775,1
5778,1
5781,0.9
5784,0.9
5787,0.8
5790,0.9
5793,0.9
5796,1
5799,0.9
5802,0.9
5805,0.9
5808,0.9
5811,0.9
5814,0.9
5817,1
5820,0.9
5823,0.9
5826,0.9
5829,0.9
5832,0.9
5835,0.9
5838,0.9
5841,0.8
5844,0.8
5847,0.9
5850,0.8
5853,0.9
5856,1
5859,0.9
5862,0.9
5865,0.9
5868,0.9
5871,0.9
5874,1
5877,0.9
5880,0.9
5883,0.9
5886,0.9
5889,0.9
5892,0.9
5895,0.9
5898,0.9
5901,1
5904,0.9
5907,0.9
5910,0.9
5913,1
5916,0.9
5919,0.9
5922,0.9
5925,0.9
5928,0.9
5931,0.9
5934,1
5937,0.9
5940,0.9
5943,0.9
5946,0.9
5949,0.8
5952,0.9
5955,1
5958,0.9
5961,0.9
5964,0.8
5967,0.9
5970,0.8
5973,0.9
5976,1
5979,0.9
5982,0.9
5985,0.9
5988,0.9
5991,0.9
5994,0.9
5997,1
6000,0.9
6003,0.9
6006,0.9
6009,0.9
6012,0.9
6015,0.9
6018,0.9
6021,0.9
6024,0.9
6027,0.9
6030,0.9
6033,0.9
6036,1
6039,0.9
6042,0.9
6045,0.8
6048,0.9
6051,0.9
6054,0.9
6057,1
6060,1
6063,0.9
6066,0.9
6069,0.9
6072,0.9
6075,0.9
6078,0.9
6081,0.9
6084,0.9
6087,0.8
6090,0.9
6093,1
6096,0.9
6099,0.9
6102,0.9
6105,0.9
6108,0.9
6111,0.9
6114,0.9
6117,0.9
6120,0.9
6123,0.8
6126,0.9
6129,0.9
6132,0.9
6135,1
6138,0.9
6141,0.9
6144,0.9
6147,0.9
6150,0.9
6153,0.9
6156,0.9
6159,0.9
6162,0.8
6165,0.9
6168,0.9
6171,1
6174,0.9
6177,0.9
6180,0.9
6183,0.8
6186,0.9
6189,0.8
6192,0.9
6195,0.9
6198,0.9
6201,0.9
6204,0.8
6207,0.9
6210,0.9
6213,1
6216,1
6219,0.9
6222,0.9
6225,0.9
6228,0.9
6231,0.9
6234,0.9
6237,1
6240,0.9
6243,0.9
6246,0.9
6249,0.9
6252,0.9
6255,0.9
6258,0.9
6261,0.9
6264,0.8
6267,0.9
6270,0.9
6273,0.9
6276,1
6279,1
6282,0.9
6285,0.9
6288,0.9
6291,0.9
6294,0.9
6297,0.9
6300,0.9
6303,0.9
6306,0.8
6309,0.9
6312,0.9
6315,1
6318,1
6321,0.9
6324,0.8
6327,0.9
6330,0.9
6333,0.9
6336,0.9
6339,0.9
6342,0.9
6345,0.9
6348,0.9
6351,0.9
6354,1
6357,1
6360,0.9
6363,0.9
6366,0.8
6369,0.9
6372,0.9
6375,0.9
6378,1
6381,0.9
6384,0.8
6387,0.9
6390,0.9
6393,0.9
6396,0.9
6399,0.9
6402,1
6405,0.9
6408,0.9
6411,0.9
6414,1
6417,0.9
6420,1
6423,0.8
6426,0.9
6429,0.9
6432,0.9
6435,0.9
6438,0.9
6441,0.8
6444,0.8
6447,0.9
6450,0.9
6453,1
6456,1
6459,0.9
6462,0.9
6465,0.9
6468,0.9
6471,0.9
6474,1
6477,0.9
6480,0.9
6483,0.9
6486,0.9
6489,0.9
6492,0.9
6495,1
6498,0.9
6501,0.9
6504,0.9
6507,0.9
6510,0.9
6513,0.9
6516,0.9
6519,0.9
6522,0.9
6525,0.9
6528,0.9
6531,0.9
6534,1
6537,0.9
6540,0.9
6543,0.9
6546,0.9
6549,0.9
6552,1
6555,1
6558,1
6561,0.9
6564,0.9
6567,0.8
6570,0.9
6573,0.9
6576,1
6579,0.9
6582,0.9
6585,0.9
6588,0.9
6591,0.9
6594,0.9
6597,0.9
6600,0.9
6603,0.9
6606,0.8
6609,0.9
6612,0.9
6615,1
6618,0.9
6621,0.9
6624,0.9
6627,0.9
6630,0.9
6633,0.9
6636,0.9
6639,0.9
6642,0.9
6645,0.9
6648,0.9
6651,0.9
6654,1
6657,0.9
6660,0.9
6663,0.9
6666,0.8
6669,0.9
6672,0.9
6675,0.9
6678,0.9
6681,0.9
6684,0.9
6687,0.8
6690,0.9
6693,0.9
6696,1
6699,1
6702,0.9
6705,0.8
6708,0.9
6711,0.9
6714,1
6717,0.9
6720,0.9
6723,0.9
6726,0.9
6729,0.9
6732,0.9
6735,1
6738,0.9
6741,0.9
6744,0.8
6747,0.9
6750,0.9
6753,0.9
6756,0.9
6759,0.9
6762,0.9
6765,0.9
6768,0.9
6771,0.9
6774,0.9
6777,0.9
6780,0.9
6783,0.9
6786,0.9
6789,0.9
6792,0.9
6795,0.9
6798,0.9
6801,0.9
6804,0.9
6807,0.8
6810,0.9
6813,1
6816,1
6819,1
6822,0.9
6825,0.9
6828,0.9
6831,0.9
6834,0.9
6837,1
6840,0.9
6843,0.8
6846,0.9
6849,0.9
6852,0.9
6855,1
6858,1
6861,0.9
6864,0.9
6867,0.9
6870,0.9
6873,0.9
6876,0.9
6879,1
6882,0.8
6885,0.9
6888,0.9
6891,0.9
6894,0.9
6897,0.9
6900,0.9
6903,0.9
6906,0.8
6909,0.9
6912,0.9
6915,1
6918,0.9
6921,0.9
6924,0.9
6927,0.9
6930,0.9
6933,1
6936,0.9
6939,1
6942,0.9
6945,0.9
6948,0.9
6951,0.9
6954,0.9
6957,0.9
6960,0.9
6963,0.9
6966,0.8
6969,0.9
6972,0.9
6975,0.9
6978,0.9
6981,0.9
6984,0.8
6987,0.9
6990,0.9
6993,0.9
6996,0.9
6999,0.9
7002,0.9
7005,0.9
7008,0.9
7011,0.9
7014,1
7017,0.9
7020,0.9
7023,0.9
7026,0.9
7029,0.9
7032,0.9
7035,1
7038,0.9
7041,0.9
7044,0.9
7047,0.8
7050,0.9
7053,1
7056,0.9
7059,0.9
7062,0.9
7065,0.9
7068,0.9
7071,0.9
7074,0.9
7077,0.9
7080,0.9
7083,0.8
7086,0.8
7089,0.8
7092,1
7095,0.9
7098,1
7101,0.9
7104,0.9
7107,0.8
7110,0.9
7113,0.9
7116,0.9
7119,0.9
7122,0.9
7125,0.9
7128,0.9
7131,0.9
7134,0.9
7137,0.9
7140,1
7143,0.9
7146,0.9
7149,0.9
7152,0.9
7155,1
7158,0.9
7161,0.9
7164,0.9
7167,0.9
7170,0.9
7173,0.9
7176,1
7179,0.9
7182,0.8
7185,0.8
7188,0.9
7191,0.9
7194,0.9
7197,0.9
7200,0.9
7203,0.8
7206,0.9
7209,0.9
7212,0.9
7215,0.9
7218,0.9
7221,0.9
7224,0.9
7227,0.9
7230,0.9
7233,1
7236,1
7239,0.9
7242,0.8
7245,0.9
7248,0.8
7251,1
7254,0.9
7257,0.9
7260,0.9
7263,0.8
7266,0.9
7269,0.9
7272,0.9
7275,0.9
7278,1
7281,0.9
7284,0.9
7287,0.9
7290,0.9
7293,0.9
7296,1
7299,1
7302,0.8
7305,0.9
7308,0.8
7311,0.9
7314,1
7317,0.9
7320,0.9
7323,0.9
7326,0.9
7329,0.9
7332,0.9
7335,0.9
7338,0.9
7341,0.9
7344,0.8
7347,0.8
7350,0.9
7353,0.9
7356,1
7359,0.9
7362,0.9
7365,0.8
7368,0.9
7371,0.9
7374,0.9
7377,0.9
7380,0.9
7383,0.9
7386,0.8
7389,0.9
7392,0.9
7395,0.9
7398,0.9
7401,0.9
7404,0.8
7407,0.8
7410,0.9
7413,0.9
7416,0.9
7419,0.9
7422,0.9
7425,0.9
7428,0.9
7431,0.9
7434,1
7437,0.9
7440,0.9
7443,0.8
7446,0.8
7449,0.9
7452,0.9
7455,0.9
7458,0.9
7461,0.9
7464,0.8
7467,0.8
7470,0.9
7473,0.9
7476,1
7479,1
7482,0.9
7485,0.9
7488,0.8
7491,0.9
7494,0.9
7497,1
7500,0.9
7503,0.8
7506,0.8
7509,0.9
7512,1
7515,0.9
7518,0.9
7521,0.9
7524,0.9
7527,0.9
7530,0.8
7533,0.9
7536,0.9
7539,0.9
7542,0.9
7545,0.9
7548,0.9
7551,0.9
7554,0.9
7557,1
7560,0.9
7563,0.9
7566,0.9
7569,0.9
7572,0.9
7575,1
7578,0.9
7581,0.9
7584,0.9
7587,0.8
7590,0.9
7593,1
7596,0.9
7599,0.9
7602,0.9
7605,0.9
7608,0.9
7611,0.9
7614,0.9
7617,0.9
7620,0.9
7623,0.8
7626,0.8
7629,0.8
7632,1
7635,0.9
7638,0.9
7641,0.9
7644,0.9
7647,0.8
7650,0.8
7653,0.9
7656,1
7659,0.9
7662,0.9
7665,0.8
7668,0.9
7671,0.9
7674,0.9
7677,1
7680,0.9
7683,0.9
7686,0.8
7689,0.9
7692,0.9
7695,0.9
7698,0.9
7701,0.9
7704,0.9
7707,0.9
7710,0.9
7713,0.9
7716,1
7719,0.9
7722,0.9
7725,0.9
7728,0.8
7731,0.9
7734,1
7737,0.9
7740,1
7743,0.9
7746,0.9
7749,0.9
7752,0.9
7755,1
7758,0.9
7761,1
7764,0.8
7767,0.8
7770,0.9
7773,0.9
7776,1
7779,0.9
7782,0.9
7785,0.9
7788,0.8
7791,0.9
7794,0.9
7797,0.9
7800,0.9
7803,0.9
7806,0.8
7809,0.9
7812,0.9
7815,1
7818,0.9
7821,0.9
7824,0.9
7827,0.9
7830,0.9
7833,1
7836,0.9
7839,0.9
7842,0.9
7845,0.9
7848,0.9
7851,0.9
7854,0.9
7857,1
7860,0.9
7863,0.9
7866,0.9
7869,0.9
7872,0.9
7875,1
7878,0.9
7881,0.8
7884,0.8
7887,0.9
7890,0.8
7893,0.9
7896,0.9
7899,0.9
7902,0.9
7905,0.9
7908,0.8
7911,0.9
7914,0.9
7917,0.9
7920,0.9
7923,0.9
7926,0.8
7929,0.9
7932,0.9
7935,0.9
7938,0.9
7941,0.9
7944,0.9
7947,0.9
7950,0.9
7953,0.9
7956,1
7959,1
7962,0.9
7965,0.8
7968,0.9
7971,1
7974,0.9
7977,1
7980,0.9
7983,0.9
7986,0.9
7989,0.9
7992,0.9
7995,0.9
7998,0.9
8001,0.9
8004,0.9
8007,0.9
8010,0.9
8013,1
8016,0.9
8019,0.9
8022,0.9
8025,0.9
8028,0.9
8031,0.9
8034,0.9
8037,1
8040,0.9
8043,0.9
8046,0.9
8049,0.9
8052,1
8055,1
8058,0.9
8061,0.9
8064,0.9
8067,0.8
8070,0.9
8073,0.9
8076,0.9
8079,1
8082,0.9
8085,0.9
8088,0.8
8091,0.9
8094,0.9
8097,0.9
8100,0.9
8103,0.9
8106,0.9
8109,0.9
8112,0.9
8115,0.9
8118,0.9
8121,0.8
8124,0.9
8127,0.9
8130,0.9
8133,0.9
8136,1
8139,0.9
8142,0.9
8145,0.9
8148,0.8
8151,0.9
8154,0.9
8157,0.9
8160,0.9
8163,0.8
8166,0.9
8169,0.9
8172,0.9
8175,1
8178,0.9
8181,0.9
8184,0.9
8187,0.9
8190,0.9
8193,0.9
8196,0.9
8199,0.9
8202,0.8
8205,0.9
8208,0.8
8211,1
8214,0.9
8217,1
8220,0.9
8223,0.8
8226,0.9
8229,0.8
8232,0.9
8235,1
8238,0.9
8241,0.9
8244,0.9
8247,0.9
8250,0.9
8253,0.9
8256,1
8259,1
8262,0.9
8265,0.9
8268,0.9
8271,0.9
8274,0.9
8277,0.9
8280,0.9
8283,0.8
8286,0.9
8289,0.9
8292,0.9
8295,1
8298,1
8301,0.9
8304,0.9
8307,0.8
8310,0.9
8313,1
8316,0.9
8319,1
8322,0.9
8325,0.9
8328,0.9
8331,0.9
8334,1
8337,0.9
8340,0.9
8343,0.9
8346,0.9
8349,0.9
8352,1
8355,1
8358,0.9
8361,0.9
8364,0.9
8367,0.9
8370,0.9
8373,0.9
8376,1
8379,0.9
8382,0.9
8385,0.8
8388,0.9
8391,0.8
8394,0.9
8397,1
8400,0.9
8403,0.9
8406,0.8
8409,0.9
8412,0.9
8415,1
8418,0.9
8421,0.9
8424,0.9
8427,0.9
8430,0.9
8433,1
8436,0.9
8439,1
8442,0.9
8445,0.9
8448,0.9
8451,0.9
8454,0.9
8457,1
8460,0.9
8463,0.8
8466,0.9
8469,0.9
8472,0.9
8475,1
8478,0.9
8481,0.9
8484,0.9
8487,0.9
8490,0.9
8493,1
8496,1
8499,1
8502,0.9
8505,0.8
8508,0.9
8511,0.9
8514,1
8517,0.9
8520,0.9
8523,0.9
8526,0.9
8529,0.9
8532,0.9
8535,1
8538,0.9
8541,0.9
8544,0.9
8547,0.9
8550,0.9
8553,1
8556,0.9
8559,1
8562,0.9
8565,0.8
8568,0.8
8571,0.9
8574,1
8577,1
8580,0.9
8583,0.9
8586,0.9
8589,0.9
8592,0.9
8595,1
8598,1
8601,0.9
8604,0.9
8607,0.9
8610,0.9
8613,0.9
8616,1
8619,0.9
8622,0.9
8625,0.9
8628,0.9
8631,0.9
8634,1
8637,0.9
8640,0.9
8643,0.9
8646,0.9
8649,0.8
8652,0.9
8655,0.9
8658,0.9
8661,0.9
8664,0.9
8667,0.8
8670,0.8
8673,0.9
8676,0.9
8679,1
8682,0.9
8685,0.9
8688,0.9
8691,0.9
8694,0.9
8697,0.9
8700,0.9
8703,0.9
8706,0.9
8709,0.9
8712,1
8715,1
8718,0.9
8721,0.9
8724,0.9
8727,0.8
8730,0.9
8733,0.9
8736,0.9
8739,0.9
8742,0.8
8745,0.9
8748,0.8
8751,0.9
8754,0.9
8757,1
8760,0.9
8763,0.9
8766,0.9
8769,0.8
8772,0.9
8775,1
8778,0.9
8781,0.9
8784,0.9
8787,0.8
8790,0.9
8793,0.9
8796,0.9
8799,1
8802,0.9
8805,0.9
8808,0.9
8811,0.9
8814,0.9
8817,0.9
8820,0.9
8823,0.8
8826,0.9
8829,0.9
8832,0.9
8835,0.9
8838,0.9
8841,0.9
8844,0.8
8847,0.9
8850,0.9
8853,0.9
8856,1
8859,0.9
8862,0.9
8865,0.9
8868,0.8
8871,0.9
8874,1
8877,1
8880,0.9
8883,0.8
8886,0.9
8889,0.9
8892,0.9
8895,0.9
8898,1
8901,0.9
8904,0.9
8907,0.9
8910,1
8913,0.9
8916,1
8919,0.9
8922,0.9
8925,0.8
8928,0.9
8931,0.9
8934,1
8937,0.9
8940,0.9
8943,0.9
8946,0.9
8949,0.9
8952,0.9
8955,0.9
8958,0.9
8961,0.9
8964,0.9
8967,0.8
8970,0.9
8973,1
8976,1
8979,0.9
8982,0.9
8985,0.9
8988,0.9
8991,0.9
8994,1
8997,1
9000,0.9
9003,0.9
9006,0.9
9009,0.9
9012,0.9
9015,0.9
9018,0.9
9021,0.9
9024,0.9
9027,0.9
9030,0.9
9033,1
9036,1
9039,1
9042,0.8
9045,0.9
9048,0.9
9051,0.9
9054,1
9057,0.9
9060,0.9
9063,0.9
9066,0.9
9069,0.9
9072,0.9
9075,1
9078,0.9
9081,0.9
9084,0.9
9087,0.8
9090,0.8
9093,1
9096,0.9
9099,0.9
9102,0.8
9105,0.9
9108,0.9
9111,0.9
9114,1
9117,0.9
9120,0.9
9123,0.9
9126,0.9
9129,0.9
9132,0.9
9135,0.9
9138,0.9
9141,0.9
9144,0.9
9147,0.9
9150,0.8
9153,1
9156,0.9
9159,1
9162,0.9
9165,0.8
9168,0.9
9171,0.9
9174,0.9
9177,1
9180,0.9
9183,0.9
9186,0.9
9189,0.9
9192,0.9
9195,1
9198,0.9
9201,0.9
9204,0.9
9207,0.9
9210,0.9
9213,1
9216,0.9
9219,1
9222,0.9
9225,0.9
9228,0.9
9231,0.9
9234,0.9
9237,0.9
9240,0.9
9243,0.8
9246,0.9
9249,0.9
9252,0.9
9255,0.9
9258,0.9
9261,0.9
9264,0.9
9267,0.9
9270,0.9
9273,1
9276,1
9279,1
9282,0.9
9285,0.8
9288,0.9
9291,0.9
9294,0.9
9297,1
9300,0.9
9303,0.9
9306,0.9
9309,0.9
9312,0.9
9315,1
9318,0.9
9321,0.9
9324,0.9
9327,0.9
9330,0.8
9333,0.9
9336,0.9
9339,0.9
9342,0.9
9345,0.8
9348,0.8
9351,0.9
9354,0.9
9357,0.9
9360,0.9
9363,0.9
9366,0.9
9369,0.9
9372,0.9
9375,0.9
9378,1
9381,0.9
9384,0.9
9387,0.8
9390,0.9
9393,0.9
9396,0.9
9399,0.9
9402,0.9
9405,0.9
9408,0.9
9411,0.9
9414,0.9
9417,0.9
9420,0.9
9423,0.8
9426,0.9
9429,0.9
9432,1
9435,0.9
9438,0.9
9441,0.9
9444,0.9
9447,0.9
9450,0.9
9453,1
9456,0.9
9459,0.9
9462,0.8
9465,0.9
9468,0.9
9471,0.9
9474,0.9
9477,0.9
9480,0.9
9483,0.8
9486,0.8
9489,0.9
9492,0.9
9495,0.9
9498,0.9
9501,0.9
9504,0.9
9507,0.9
9510,0.9
9513,0.9
9516,0.9
9519,1
9522,0.9
9525,0.8
9528,0.9
9531,0.9
9534,1
9537,0.9
9540,0.9
9543,0.9
9546,1
9549,0.8
9552,1
9555,0.9
9558,1
9561,0.9
9564,0.9
9567,0.9
9570,0.9
9573,0.9
9576,1
9579,0.9
9582,0.9
9585,0.9
9588,0.9
9591,0.9
9594,0.9
9597,1
9600,0.9
9603,0.9
9606,0.8
9609,0.9
9612,0.9
9615,0.9
9618,0.9
9621,0.9
9624,0.8
9627,0.8
9630,0.9
9633,0.9
9636,0.9
9639,0.9
9642,0.9
9645,0.9
9648,0.9
9651,0.9
9654,1
9657,1
9660,0.9
9663,0.9
9666,0.9
9669,0.9
9672,0.9
9675,0.9
9678,1
9681,0.9
9684,0.8
9687,0.8
9690,0.9
9693,0.9
9696,1
9699,0.9
9702,0.9
9705,0.9
9708,0.8
9711,0.9
9714,0.9
9717,0.9
9720,0.9
9723,0.9
9726,0.9
9729,0.9
9732,0.9
9735,0.9
9738,0.9
9741,0.9
9744,0.9
9747,0.9
9750,0.9
9753,0.9
9756,1
9759,0.9
9762,0.8
9765,0.9
9768,0.9
9771,0.9
9774,1
9777,0.9
9780,0.9
9783,0.9
9786,0.9
9789,0.9
9792,0.9
9795,1
9798,0.9
9801,0.9
9804,0.9
9807,0.9
9810,0.9
9813,0.9
9816,1
9819,0.9
9822,0.9
9825,0.8
9828,0.9
9831,1
9834,0.9
9837,0.9
9840,0.9
9843,0.8
9846,0.8
9849,0.9
9852,0.9
9855,0.9
9858,0.9
9861,0.9
9864,0.9
9867,0.9
9870,0.9
9873,0.9
9876,0.9
9879,0.9
9882,0.9
9885,0.8
9888,0.9
9891,0.9
9894,1
9897,0.9
9900,0.9
9903,0.9
9906,0.9
9909,0.9
9912,0.9
9915,0.9
9918,0.9
9921,0.9
9924,0.9
9927,0.9
9930,0.9
9933,0.9
9936,0.9
9939,1
9942,0.9
9945,0.9
9948,0.9
9951,0.9
9954,1
9957,0.9
9960,0.9
9963,0.9
9966,0.9
9969,0.9
9972,1
9975,1
9978,0.9
9981,0.9
9984,0.8
9987,0.8
9990,0.9
9993,0.9
9996,0.9
9999,0.9
10002,0.9
10005,0.9
10008,0.8
10011,0.8
10014,1
10017,0.9
10020,0.9
10023,0.9
10026,0.9
10029,0.9
10032,0.9
10035,1
10038,0.9
10041,0.9
10044,0.9
10047,0.9
10050,0.9
10053,1
10056,0.9
10059,0.9
10062,0.9
10065,0.9
10068,0.9
10071,0.9
10074,1
10077,1
10080,0.9
10083,0.9
10086,0.8
10089,0.9
10092,1
10095,1
10098,0.9
10101,0.9
10104,0.9
10107,0.9
10110,0.9
10113,0.9
10116,0.9
10119,0.9
10122,0.9
10125,0.9
10128,0.8
10131,0.9
10134,0.9
10137,0.9
10140,0.9
10143,0.9
10146,0.9
10149,0.9
10152,0.9
10155,1
10158,0.9
10161,0.9
10164,0.8
10167,0.8
10170,0.9
10173,0.9
10176,0.9
10179,0.9
10182,0.9
10185,0.9
10188,0.9
10191,0.9
10194,0.9
10197,0.9
10200,0.9
10203,0.9
10206,0.9
10209,0.8
10212,0.9
10215,0.9
10218,0.9
10221,0.9
10224,0.9
10227,0.9
10230,0.9
10233,1
10236,0.9
10239,0.9
10242,0.9
10245,0.9
10248,0.9
10251,0.9
10254,0.9
10257,0.9
10260,0.9
10263,0.9
10266,0.9
10269,0.8
10272,0.9
10275,1
10278,0.9
10281,0.8
10284,0.9
10287,0.9
10290,0.9
10293,0.9
10296,0.9
10299,0.9
10302,0.8
10305,0.9
10308,0.9
10311,0.9
10314,0.9
10317,0.9
10320,0.9
10323,0.8
10326,0.8
10329,0.9
10332,1
10335,1
10338,0.9
10341,0.9
10344,0.9
10347,0.9
10350,0.9
10353,1
10356,0.9
10359,0.9
10362,0.9
10365,0.9
10368,0.9
10371,0.9
10374,0.9
10377,1
10380,0.9
10383,0.9
10386,0.9
10389,0.8
10392,1
10395,1
10398,0.9
10401,0.9
10404,0.9
10407,0.8
10410,0.9
10413,0.9
10416,1
10419,0.9
10422,0.9
10425,0.9
10428,0.9
10431,0.9
10434,0.9
10437,0.9
10440,0.9
10443,0.8
10446,0.9
10449,0.8
10452,0.9
10455,1
10458,0.9
10461,0.9
10464,0.9
10467,0.9
10470,0.9
10473,1
10476,1
10479,0.9
10482,0.9
10485,0.9
10488,0.8
10491,0.9
10494,0.9
10497,0.9
10500,0.9
10503,0.8
10506,0.9
10509,0.8
10512,0.9
10515,1
10518,1
10521,0.9
10524,0.9
10527,0.9
10530,0.9
10533,1
10536,0.9
10539,0.9
10542,0.9
10545,0.8
10548,0.9
10551,0.9
10554,1
10557,1
10560,0.9
10563,0.9
10566,0.8
10569,0.9
10572,1
10575,0.9
10578,0.9
10581,0.9
10584,0.8
10587,0.9
10590,0.9
10593,0.9
10596,0.9
10599,0.9
10602,0.9
10605,0.8
10608,0.9
10611,1
10614,1
10617,1
10620,0.9
10623,0.8
10626,0.9
10629,0.9
10632,0.9
10635,1
10638,0.9
10641,0.9
10644,0.9
10647,0.9
10650,0.9
10653,0.9
10656,1
10659,0.9
10662,0.8
10665,0.9
10668,0.9
10671,0.9
10674,0.9
10677,1
10680,0.9
10683,0.9
10686,0.8
10689,0.9
10692,0.9
10695,0.9
10698,0.9
10701,0.8
10704,0.9
10707,0.9
10710,0.8
10713,1
10716,1
10719,0.9
10722,0.9
10725,0.8
10728,0.9
10731,1
10734,1
10737,1
10740,0.9
10743,0.8
10746,0.9
10749,0.9
10752,0.9
10755,0.9
10758,0.9
10761,0.9
10764,0.9
10767,0.9
10770,0.9
10773,0.9
10776,0.9
10779,0.9
10782,0.8
10785,0.8
10788,0.9
10791,0.9
10794,1
10797,0.9
10800,0.9
10803,0.9
10806,0.8
10809,0.9
10812,0.9
10815,1
10818,0.9
10821,0.9
10824,0.9
10827,0.9
10830,0.9
10833,0.9
10836,0.9
10839,0.9
10842,0.9
10845,0.9
10848,0.9
10851,0.8
10854,0.9
10857,1
10860,0.9
10863,0.9
10866,0.8
10869,0.9
10872,0.9
10875,1
10878,1
10881,0.9
10884,0.9
10887,0.9
10890,0.9
10893,0.9
10896,0.9
10899,1
10902,0.8
10905,0.8
10908,0.9
10911,0.9
10914,0.9
10917,0.9
10920,0.8
10923,0.9
10926,0.8
10929,0.9
10932,0.9
10935,1
10938,0.9
10941,0.9
10944,0.8
10947,0.9
10950,0.9
10953,0.9
10956,1
10959,0.9
10962,0.9
10965,0.9
10968,0.9
10971,0.9
10974,0.9
10977,1
10980,0.9
10983,0.8
10986,0.9
10989,0.9
10992,1
10995,0.9
10998,0.9
11001,0.9
11004,0.8
11007,0.9
11010,0.9
11013,0.9
11016,0.9
11019,0.9
11022,0.9
11025,0.8
11028,0.9
11031,0.9
11034,0.9
11037,1
11040,0.9
11043,0.8
11046,0.9
11049,0.9
11052,1
11055,0.9
11058,0.9
11061,0.9
11064,0.8
11067,0.9
11070,0.9
11073,1
11076,0.9
11079,1
11082,0.8
11085,0.9
11088,0.8
11091,0.9
11094,0.9
11097,0.9
11100,0.9
11103,0.8
11106,0.9
11109,0.9
11112,0.9
11115,1
11118,0.9
11121,0.9
11124,0.8
11127,0.9
11130,0.9
11133,0.9
11136,0.9
11139,0.9
11142,0.9
11145,0.9
11148,0.9
11151,0.9
11154,1
11157,1
11160,0.9
11163,0.8
11166,0.9
11169,0.9
11172,0.9
11175,1
11178,0.9
11181,0.9
11184,0.9
11187,0.9
11190,0.9
11193,0.9
11196,0.9
11199,0.9
11202,0.9
11205,0.9
11208,0.9
11211,0.9
11214,0.9
11217,0.9
11220,0.9
11223,0.9
11226,0.8
11229,0.9
11232,0.9
11235,1
11238,1
11241,0.9
11244,0.8
11247,0.9
11250,0.9
11253,0.9
11256,0.9
11259,0.9
11262,0.9
11265,0.9
11268,0.9
11271,0.9
11274,1
11277,0.9
11280,0.9
11283,0.9
11286,0.9
11289,0.9
11292,1
11295,1
11298,0.9
11301,0.9
11304,0.9
11307,0.9
11310,0.9
11313,0.9
11316,0.9
11319,0.9
11322,0.9
11325,0.9
11328,0.9
11331,0.9
11334,1
11337,1
11340,0.9
11343,0.9
11346,0.9
11349,0.9
11352,0.9
11355,1
11358,0.9
11361,0.9
11364,0.9
11367,0.9
11370,0.9
11373,0.9
11376,0.9
11379,0.9
11382,0.8
11385,0.8
11388,0.9
11391,0.9
11394,0.9
11397,1
11400,0.9
11403,0.9
11406,0.9
11409,0.9
11412,0.9
11415,1
11418,0.9
11421,0.9
11424,0.8
11427,0.9
11430,0.9
11433,0.9
11436,0.9
11439,1
11442,0.9
11445,0.8
11448,0.9
11451,0.9
11454,0.9
11457,0.9
11460,0.9
11463,0.9
11466,0.8
11469,0.9
11472,0.9
11475,1
11478,0.9
11481,0.9
11484,0.8
11487,0.9
11490,0.9
11493,0.9
11496,0.9
11499,0.9
11502,0.9
11505,0.9
11508,0.9
11511,0.9
11514,1
11517,0.9
11520,0.9
11523,0.9
11526,0.8
11529,0.9
11532,0.9
11535,0.9
11538,0.9
11541,0.8
11544,0.9
11547,0.9
11550,1
11553,0.9
11556,1
11559,0.9
11562,0.8
11565,0.9
11568,0.9
11571,0.9
11574,0.9
11577,0.9
11580,0.9
11583,0.8
11586,0.8
11589,0.9
11592,0.9
11595,0.9
11598,0.9
11601,0.9
11604,0.8
11607,0.8
11610,0.9
11613,1
11616,1
11619,0.9
11622,0.9
11625,0.8
11628,0.9
11631,0.9
11634,0.9
11637,0.9
11640,0.9
11643,0.8
11646,0.9
11649,0.9
11652,0.9
11655,0.9
11658,1
11661,0.8
11664,0.8
11667,0.9
11670,0.9
11673,1
11676,1
11679,0.9
11682,0.9
11685,0.8
11688,0.9
11691,0.9
11694,1
11697,0.9
11700,0.9
11703,0.9
11706,0.9
11709,0.9
11712,0.9
11715,0.9
11718,1
11721,0.9
11724,0.9
11727,0.8
11730,0.9
11733,0.9
11736,1
11739,0.9
11742,0.9
11745,0.8
11748,0.9
11751,0.9
11754,1
11757,0.9
11760,0.9
11763,0.9
11766,0.9
11769,0.9
11772,0.9
11775,1
11778,0.9
11781,0.9
11784,0.8
11787,0.9
11790,0.9
11793,0.9
11796,0.9
11799,1
11802,0.8
11805,0.8
11808,0.9
11811,0.9
11814,0.9
11817,0.9
11820,0.9
11823,0.8
11826,0.9
11829,0.9
11832,0.9
11835,1
11838,0.9
11841,0.9
11844,0.8
11847,0.9
11850,0.9
11853,0.9
11856,0.9
11859,0.9
11862,0.9
11865,0.9
11868,0.9
11871,0.9
11874,0.9
11877,0.9
11880,0.9
11883,0.9
11886,0.9
11889,0.9
11892,1
11895,0.9
11898,0.9
11901,0.9
11904,0.9
11907,0.9
11910,1
11913,0.9
11916,0.9
11919,0.9
11922,0.8
11925,0.9
11928,0.9
11931,0.9
11934,1
11937,0.9
11940,0.9
11943,0.8
11946,0.9
11949,0.9
11952,0.9
11955,1
11958,0.9
11961,0.9
11964,0.9
11967,0.8
11970,0.8
11973,0.9
11976,0.9
11979,0.9
11982,0.9
11985,0.8
11988,0.9
11991,0.9
11994,0.9
11997,0.9
12000,0.9
12003,0.9
12006,0.9
12009,0.9
12012,1
12015,1
12018,0.9
12021,0.9
12024,0.9
12027,0.8
12030,0.8
12033,0.9
12036,0.9
12039,0.9
12042,0.8
12045,0.8
12048,0.8
12051,0.9
12054,1
12057,1
12060,0.9
12063,0.8
12066,0.9
12069,0.9
12072,0.9
12075,0.9
12078,0.9
12081,0.9
12084,0.9
12087,0.9
12090,0.9
12093,0.9
12096,1
12099,0.9
12102,0.8
12105,0.9
12108,0.9
12111,0.9
12114,0.9
12117,0.9
12120,1
12123,0.8
12126,0.9
12129,0.9
12132,0.9
12135,1
12138,0.9
12141,0.9
12144,0.9
12147,0.8
12150,0.9
12153,0.9
12156,0.9
12159,0.9
12162,0.9
12165,0.8
12168,0.9
12171,0.9
12174,1
12177,0.9
12180,0.9
12183,0.9
12186,0.9
12189,0.9
12192,0.9
12195,1
12198,0.9
12201,0.8
12204,0.9
12207,0.9
12210,0.9
12213,0.9
12216,1
12219,0.9
12222,0.9
12225,0.8
12228,0.9
12231,0.9
12234,0.9
12237,1
12240,0.9
12243,0.9
12246,0.9
12249,0.9
12252,0.9
12255,1
12258,0.9
12261,0.9
12264,0.8
12267,0.8
12270,0.9
12273,1
12276,0.9
12279,1
12282,0.9
12285,0.8
12288,0.9
12291,0.9
12294,0.9
12297,1
12300,0.9
12303,0.8
12306,0.9
12309,0.9
12312,1
12315,1
12318,0.9
12321,0.9
12324,0.8
12327,0.8
12330,0.9
12333,1
12336,0.9
12339,0.9
12342,0.8
12345,0.9
12348,0.9
12351,0.9
12354,1
12357,1
12360,0.9
12363,0.9
12366,0.8
12369,0.9
12372,0.9
12375,1
12378,0.9
12381,0.9
12384,0.9
12387,0.9
12390,0.9
12393,1
12396,1
12399,0.9
12402,0.9
12405,0.9
12408,0.9
12411,0.9
12414,0.9
12417,0.9
12420,0.9
12423,0.8
12426,0.9
12429,0.9
12432,1
12435,1
12438,0.9
12441,0.9
12444,0.8
12447,0.9
12450,0.9
12453,1
12456,0.9
12459,0.9
12462,0.9
12465,0.9
12468,0.8
12471,0.9
12474,0.9
12477,1
12480,0.9
12483,0.9
12486,0.9
12489,0.9
12492,1
12495,1
12498,0.9
12501,0.9
12504,0.9
12507,0.9
12510,0.9
12513,0.9
12516,0.9
12519,0.9
12522,0.9
12525,0.8
12528,0.9
12531,0.9
12534,0.9
12537,0.9
12540,0.9
12543,0.9
12546,0.9
12549,0.9
12552,1
12555,0.9
12558,1
12561,0.8
12564,0.8
12567,0.9
12570,1
12573,0.9
12576,1
12579,0.9
12582,0.8
12585,0.9
12588,0.9
12591,1
12594,0.9
12597,0.9
12600,0.9
12603,0.9
12606,0.9
12609,0.9
12612,1
12615,0.9
12618,1
12621,0.9
12624,0.8
12627,0.9
12630,0.9
12633,0.9
12636,0.9
12639,0.9
12642,0.9
12645,0.8
12648,0.9
12651,0.9
12654,1
12657,0.9
12660,0.9
12663,0.9
12666,0.9
12669,0.9
12672,1
12675,1
12678,0.9
12681,0.8
12684,0.9
12687,0.9
12690,0.9
12693,0.9
12696,0.9
12699,0.9
12702,0.9
12705,0.9
12708,0.9
12711,0.9
12714,1
12717,0.9
12720,0.9
12723,0.9
12726,0.9
12729,0.9
12732,1
12735,0.9
12738,0.9
12741,0.8
12744,0.9
12747,0.9
12750,0.9
12753,0.9
12756,0.9
12759,0.9
12762,0.9
12765,0.9
12768,0.9
12771,1
12774,0.9
12777,0.9
12780,0.9
12783,0.8
12786,0.9
12789,0.9
12792,0.9
12795,1
12798,0.9
12801,0.9
12804,0.9
12807,0.8
12810,0.8
12813,0.9
12816,0.9
12819,0.9
12822,0.9
12825,0.9
12828,0.9
12831,0.9
12834,1
12837,0.9
12840,0.9
12843,0.9
12846,0.9
12849,0.9
12852,0.9
12855,0.9
12858,0.9
12861,0.9
12864,0.8
12867,0.9
12870,0.9
12873,0.9
12876,1
12879,0.9
12882,0.8
12885,0.9
12888,0.9
12891,0.9
12894,0.9
12897,0.9
12900,0.8
12903,0.8
12906,0.8
12909,0.9
12912,0.9
12915,0.9
12918,0.9
12921,0.9
12924,0.8
12927,0.9
12930,0.9
12933,1
12936,1
12939,0.9
12942,0.9
12945,0.9
12948,0.8
12951,0.9
12954,0.9
12957,1
12960,0.9
12963,0.8
12966,0.9
12969,0.9
12972,0.9
12975,0.9
12978,1
12981,0.9
12984,0.9
12987,0.9
12990,0.9
12993,0.9
12996,0.9
12999,0.9
13002,0.9
13005,0.9
13008,0.9
13011,0.9
13014,1
13017,0.9
13020,0.9
13023,0.8
13026,0.8
13029,0.8
13032,0.9
13035,1
13038,0.9
13041,0.9
13044,0.9
13047,0.9
13050,0.9
13053,0.9
13056,0.9
13059,0.9
13062,0.9
13065,0.9
13068,0.9
13071,0.9
13074,0.9
13077,0.9
13080,0.9
13083,0.9
13086,0.9
13089,0.9
13092,0.9
13095,0.9
13098,0.9
13101,0.9
13104,0.9
13107,0.9
13110,0.9
13113,0.9
13116,0.9
13119,0.9
13122,0.9
13125,0.9
13128,0.9
13131,0.9
13134,0.9
13137,0.9
13140,0.9
13143,0.9
13146,0.8
13149,0.9
13152,1
13155,1
13158,0.9
13161,0.9
13164,0.9
13167,0.9
13170,0.9
13173,0.9
13176,0.9
13179,0.9
13182,0.9
13185,0.8
13188,0.9
13191,0.9
13194,0.9
13197,1
13200,0.9
13203,0.8
13206,0.9
13209,0.9
13212,0.9
13215,0.9
13218,0.9
13221,0.9
13224,0.9
13227,0.9
13230,0.9
13233,1
13236,1
13239,1
13242,0.9
13245,0.9
13248,0.9
13251,0.9
13254,1
13257,0.9
13260,0.9
13263,0.8
13266,0.9
13269,0.9
13272,0.9
13275,1
13278,0.9
13281,0.9
13284,0.9
13287,0.9
13290,0.9
13293,0.9
13296,0.9
13299,0.9
13302,0.9
13305,0.8
13308,0.9
13311,1
13314,0.9
13317,0.9
13320,0.9
13323,0.8
13326,0.8
13329,1
13332,1
13335,0.9
13338,0.9
13341,0.8
13344,0.9
13347,0.9
13350,0.9
13353,1
13356,1
13359,0.9
13362,0.9
13365,0.8
13368,0.9
13371,0.9
13374,0.9
13377,0.9
13380,0.9
13383,0.9
13386,0.9
13389,0.9
13392,0.9
13395,0.9
13398,0.9
13401,0.9
13404,0.9
13407,0.9
13410,0.9
13413,1
13416,0.9
13419,0.9
13422,0.9
13425,0.9
13428,0.9
13431,0.9
13434,0.9
13437,0.9
13440,0.9
13443,0.8
13446,0.8
13449,0.8
13452,0.9
13455,0.9
13458,0.9
13461,0.9
13464,0.9
13467,0.8
13470,1
13473,0.9
13476,0.9
13479,0.9
13482,0.9
13485,0.9
13488,0.9
13491,0.9
13494,1
13497,0.9
13500,0.9
13503,0.9
13506,0.8
13509,0.9
13512,1
13515,0.9
13518,0.9
13521,0.9
13524,0.9
13527,0.9
13530,0.9
13533,0.9
13536,0.9
13539,0.8
13542,0.9
13545,0.8
13548,0.9
13551,0.9
13554,0.9
13557,0.9
13560,0.9
13563,0.9
13566,0.9
13569,0.9
13572,0.9
13575,1
13578,1
13581,0.9
13584,0.9
13587,0.9
13590,0.9
13593,0.9
13596,0.9
13599,0.9
13602,0.9
13605,0.8
13608,0.9
13611,0.9
13614,1
13617,0.9
13620,0.9
13623,0.9
13626,0.8
13629,0.9
13632,0.9
13635,1
13638,0.9
13641,0.9
13644,0.8
13647,0.9
13650,0.9
13653,1
13656,1
13659,0.9
13662,0.8
13665,0.9
13668,0.9
13671,0.9
13674,0.9
13677,0.9
13680,0.9
13683,0.9
13686,0.9
13689,0.9
13692,1
13695,0.9
13698,1
13701,0.9
13704,0.8
13707,0.9
13710,0.9
13713,0.9
13716,0.9
13719,1
13722,0.9
13725,0.9
13728,0.9
13731,1
13734,0.9
13737,0.9
13740,0.9
13743,0.9
13746,0.9
13749,0.9
13752,0.9
13755,1
13758,0.9
13761,0.9
13764,0.9
13767,0.8
13770,0.9
13773,0.9
13776,0.9
13779,0.9
13782,0.9
13785,0.9
13788,0.9
13791,0.9
13794,0.9
13797,0.9
13800,0.9
13803,0.9
13806,0.9
13809,0.9
13812,0.9
13815,1
13818,0.9
13821,0.8
13824,0.9
13827,0.9
13830,0.9
13833,0.9
13836,1
13839,0.9
13842,0.9
13845,0.8
13848,0.9
13851,0.9
13854,0.9
13857,0.9
13860,0.9
13863,0.9
13866,0.9
13869,0.9
13872,0.9
13875,1
13878,1
13881,0.8
13884,0.9
13887,0.9
13890,0.9
13893,1
13896,0.9
13899,0.9
13902,0.9
13905,0.8
13908,0.9
13911,0.9
13914,1
13917,1
13920,0.9
13923,0.9
13926,0.9
13929,0.9
13932,0.9
13935,0.9
13938,0.9
13941,0.9
13944,0.9
13947,0.8
13950,0.9
13953,0.9
13956,0.9
13959,0.9
13962,0.8
13965,0.9
13968,0.9
13971,0.9
13974,1
13977,0.9
13980,0.9
13983,0.8
13986,0.9
13989,0.9
13992,0.9
13995,0.9
13998,1
14001,0.9
14004,0.8
14007,0.9
14010,1
14013,0.9
14016,0.9
14019,0.9
14022,0.9
14025,0.9
14028,0.9
14031,1
14034,1
14037,0.9
14040,0.9
14043,0.9
14046,0.9
14049,0.9
14052,0.9
14055,0.9
14058,0.9
14061,0.9
14064,0.8
14067,0.9
14070,0.9
14073,1
14076,0.9
14079,1
14082,0.9
14085,0.8
14088,0.9
14091,0.9
14094,0.9
14097,0.9
14100,0.8
14103,0.8
14106,0.9
14109,1
14112,0.9
14115,0.9
14118,0.9
14121,0.9
14124,0.9
14127,0.9
14130,0.9
14133,0.9
14136,0.9
14139,1
14142,0.9
14145,0.9
14148,0.9
14151,0.9
14154,0.9
14157,0.9
14160,0.9
14163,0.9
14166,0.9
14169,0.9
14172,0.9
14175,0.9
14178,0.9
14181,0.9
14184,0.8
14187,0.9
14190,0.9
14193,0.9
14196,0.9
14199,0.8
14202,0.9
14205,0.8
14208,0.9
14211,0.9
14214,1
14217,1
14220,0.8
14223,0.9
14226,0.9
14229,0.9
14232,1
14235,1
14238,1
14241,0.9
14244,0.8
14247,0.9
14250,0.9
14253,0.9
14256,1
14259,0.8
14262,0.9
14265,0.9
14268,0.9
14271,0.9
14274,0.9
14277,0.9
14280,0.9
14283,0.8
14286,0.9
14289,0.9
14292,0.9
14295,1
14298,0.9
14301,0.8
14304,0.9
14307,0.8
14310,0.9
14313,0.9
14316,1
14319,0.9
14322,0.8
14325,0.8
14328,0.9
14331,0.9
14334,1
14337,1
14340,0.9
14343,0.9
14346,0.8
14349,0.9
14352,0.9
14355,1
14358,0.9
14361,0.9
14364,0.8
14367,0.9
14370,0.9
14373,1
14376,0.9
14379,0.9
14382,0.8
14385,0.9
14388,0.9
14391,0.9
14394,1
14397,0.9
14400,0.9
14403,0.9
14406,0.9
14409,0.9
14412,1
14415,1
14418,0.9
14421,0.8
14424,0.8
14427,0.9
14430,0.9
14433,1
14436,1
14439,0.9
14442,0.9
14445,0.9
14448,0.9
14451,1
14454,1
14457,1
14460,0.9
14463,0.8
14466,0.9
14469,0.9
14472,1
14475,0.9
14478,0.9
14481,0.9
14484,0.9
14487,0.9
14490,0.9
14493,1
14496,0.9
14499,0.9
14502,0.9
14505,0.9
14508,0.9
14511,0.9
14514,1
14517,0.9
14520,0.9
14523,0.9
14526,0.9
14529,0.9
14532,1
14535,0.9
14538,0.9
14541,0.9
14544,0.8
14547,0.9
14550,0.9
14553,0.9
14556,0.9
14559,0.8
14562,0.9
14565,0.9
14568,0.9
14571,0.9
14574,0.9
14577,0.9
14580,0.8
14583,0.9
14586,0.8
14589,0.9
14592,0.9
14595,1
14598,0.9
14601,0.9
14604,0.8
14607,0.9
14610,0.9
14613,0.9
14616,0.9
14619,0.9
14622,0.9
14625,0.8
14628,0.9
14631,0.9
14634,1
14637,0.9
14640,0.9
14643,0.8
14646,0.9
14649,0.9
14652,0.9
14655,1
14658,1
14661,0.8
14664,0.9
14667,0.8
14670,0.9
14673,1
14676,0.9
14679,0.9
14682,0.9
14685,0.9
14688,0.8
14691,0.9
14694,1
14697,0.9
14700,0.9
14703,0.9
14706,0.8
14709,0.9
14712,0.9
14715,0.9
14718,0.9
14721,0.9
14724,0.8
14727,0.9
14730,0.9
14733,1
14736,0.9
14739,0.9
14742,0.8
14745,0.8
14748,0.9
14751,0.9
14754,0.9
14757,0.9
14760,0.9
14763,0.9
14766,0.9
14769,0.9
14772,0.9
14775,1
14778,0.9
14781,60.9
14784,61
14787,61
14790,60.8
14793,60.8
14796,60.8
14799,60.7
14802,60.8
14805,60.7
14808,60.8
14811,60.8
14814,60.8
14817,60.8
14820,60.7
14823,9.5
14826,9.6
14829,9.5
14832,9.6
14835,9.6
14838,9.5
14841,9.5
14844,9.5
14847,9.5
14850,9.6
14853,9.5
14856,9.6
14859,9.6
14862,9.6
14865,9.6
14868,1
14871,0.9
14874,1
14877,0.9
14880,1
14883,0.9
14886,0.9
14889,0.9
14892,1
14895,1
14898,1
14901,0.9
14904,0.9
14907,1
14910,1
14913,1
14916,1
14919,1
14922,0.9
14925,1
14928,1
14931,1
14934,1
14937,1
14940,0.9
14943,0.9
14946,0.9
14949,0.9
14952,1
14955,1
14958,0.9
14961,0.9
14964,0.9
14967,0.9
14970,0.9
14973,1
14976,1
14979,0.9
14982,0.9
14985,0.9
14988,0.9
14991,1
14994,1
14997,1
15000,0.9
15003,0.9
15006,0.8
15009,0.9
15012,1
15015,1
15018,0.9
15021,0.9
15024,0.9
15027,0.9
15030,1
15033,1
15036,1
15039,0.9
15042,0.8
15045,0.9
15048,0.9
15051,0.9
15054,0.9
15057,0.9
15060,0.8
15063,0.8
15066,0.9
15069,0.9
15072,0.9
15075,1
15078,0.9
15081,0.9
15084,0.9
15087,0.9
15090,0.9
15093,1
15096,0.9
15099,0.9
15102,0.9
15105,0.9
15108,0.9
15111,1
15114,0.9
15117,0.9
15120,0.9
15123,0.9
15126,0.9
15129,0.9
15132,0.9
15135,1
15138,1
15141,0.9
15144,0.8
15147,0.9
15150,0.9
15153,0.9
15156,0.9
15159,0.9
15162,0.9
15165,0.9
15168,0.9
15171,0.9
15174,0.9
15177,0.9
15180,0.9
15183,0.9
15186,0.9
15189,0.8
15192,1
15195,0.9
15198,0.9
15201,0.9
15204,0.9
15207,0.9
15210,0.9
15213,0.9
15216,1
15219,0.9
15222,0.9
15225,0.9
15228,0.9
15231,0.9
15234,1
15237,0.9
15240,0.9
15243,0.8
15246,0.9
15249,1
15252,1
15255,1
15258,0.9
15261,0.9
15264,0.9
15267,0.9
15270,1
15273,0.9
15276,0.9
15279,0.9
15282,0.9
15285,0.9
15288,0.9
15291,0.9
15294,0.9
15297,1
15300,0.9
15303,0.9
15306,0.9
15309,0.8
15312,1
15315,1
15318,0.9
15321,0.9
15324,0.8
15327,0.9
15330,0.9
15333,1
15336,0.9
15339,0.9
15342,0.9
15345,0.9
15348,0.9
15351,0.9
15354,0.9
15357,0.9
15360,0.9
15363,0.8
15366,0.9
15369,0.9
15372,1
15375,1
15378,1
15381,0.8
15384,0.9
15387,0.8
15390,0.9
15393,0.9
15396,0.9
15399,0.9
15402,0.8
15405,0.9
15408,0.9
15411,1
15414,0.9
15417,1
15420,0.9
15423,0.8
15426,0.9
15429,0.9
15432,1
15435,0.9
15438,1
15441,0.9
15444,0.9
15447,0.8
15450,0.9
15453,0.9
15456,1
15459,0.9
15462,0.8
15465,0.8
15468,0.9
15471,1
15474,1
15477,1
15480,0.9
15483,0.8
15486,0.9
15489,0.9
15492,0.9
15495,0.9
15498,0.9
15501,0.9
15504,0.9
15507,0.9
15510,0.9
15513,0.9
15516,0.9
15519,0.9
15522,0.9
15525,0.9
15528,0.8
15531,0.9
15534,0.9
15537,0.9
15540,0.9
15543,0.9
15546,0.9
15549,0.9
15552,0.9
15555,1
15558,0.9
15561,0.9
15564,0.9
15567,0.8
15570,0.9
15573,0.9
15576,0.9
15579,0.9
15582,0.9
15585,0.8
15588,0.9
15591,0.9
15594,0.9
15597,0.9
15600,0.9
15603,0.9
15606,0.8
15609,0.9
15612,0.9
15615,1
15618,0.9
15621,0.9
15624,0.9
15627,0.9
15630,0.9
15633,0.9
15636,0.9
15639,0.9
15642,0.9
15645,0.9
15648,0.8
15651,0.9
15654,1
15657,0.9
15660,0.9
15663,0.8
15666,0.8
15669,0.9
15672,1
15675,0.9
15678,0.9
15681,0.8
15684,0.9
15687,0.9
15690,0.9
15693,0.9
15696,0.9
15699,0.9
15702,0.9
15705,0.9
15708,0.9
15711,0.9
15714,0.9
15717,1
15720,0.9
15723,0.9
15726,0.9
15729,0.9
15732,0.9
15735,1
15738,1
15741,0.8
15744,0.8
15747,0.9
15750,0.9
15753,0.9
15756,1
15759,0.9
15762,0.8
15765,0.9
15768,0.8
15771,0.9
15774,0.9
15777,1
15780,0.9
15783,0.9
15786,0.9
15789,0.9
15792,0.9
15795,0.9
15798,0.9
15801,0.9
15804,0.9
15807,0.9
15810,0.9
15813,0.9
15816,0.9
15819,0.9
15822,0.9
15825,0.8
15828,0.9
15831,0.9
15834,0.9
15837,0.9
15840,0.9
15843,0.8
15846,0.9
15849,0.9
15852,1
15855,1
15858,0.9
15861,0.9
15864,0.8
15867,0.8
15870,0.9
15873,1
15876,0.9
15879,0.9
15882,0.9
15885,0.9
15888,0.9
15891,0.9
15894,0.9
15897,1
15900,0.9
15903,0.9
15906,0.8
15909,0.9
15912,0.9
15915,0.9
15918,0.9
15921,0.9
15924,0.8
15927,0.9
15930,0.9
15933,0.9
15936,0.9
15939,0.9
15942,0.9
15945,0.9
15948,0.9
15951,0.9
15954,1
15957,0.9
15960,0.8
15963,0.8
15966,0.9
15969,0.9
15972,1
15975,1
15978,0.9
15981,0.8
15984,0.9
15987,0.8
15990,0.9
15993,1
15996,1
15999,0.9
