3,7
6,7
9,7
12,7.1
15,7
18,7.1
21,7.1
24,7
27,7
30,7
33,7
36,7
39,7.1
42,7.1
45,7
48,7
51,7
54,7
57,7.1
60,7
63,7
66,7
69,7
72,7
75,7
78,7
81,7.1
84,7
87,7
90,7
93,7
96,7
99,7
102,7.1
105,7
108,7
111,7
114,7
117,7
120,7
123,7
126,7.1
129,7
132,7
135,7.1
138,7
141,7
144,7
147,7
150,7
153,7
156,7
159,7
162,7.1
165,7
168,7
171,7
174,7
177,7
180,7
183,7
186,7.1
189,7.1
192,7
195,7.1
198,7
201,7
204,7
207,7
210,7
213,7
216,7
219,7
222,7
225,7
228,7
231,7.1
234,7
237,7
240,7
243,7.1
246,7
249,7
252,7
255,7
258,7
261,7.1
264,7
267,7
270,7
273,7
276,7
279,7
282,7.1
285,7
288,7.1
291,7
294,7
297,7.1
300,7
303,7
306,7
309,7
312,7
315,7
318,7
321,7
324,7
327,7
330,7
333,7.1
336,7
339,7
342,7
345,7
348,7
351,7
354,7
357,7
360,7
363,7
366,7
369,7
372,7
375,7
378,7
381,7.1
384,7.1
387,7
390,7
393,7
396,7
399,7
402,7
405,7
408,7.1
411,7.1
414,7
417,7
420,7.1
423,7
426,7.1
429,7
432,7
435,7
438,7
441,7
444,7
447,7
450,7.1
453,7.1
456,7
459,7
462,7.1
465,7
468,7
471,7
474,7
477,7.1
480,7
483,7
486,7
489,7
492,7.1
495,7
498,7
501,7
504,7.1
507,7
510,7
513,7
516,7
519,7
522,7
525,7
528,7
531,7.1
534,7
537,7
540,7.1
543,7
546,7
549,7
552,7
555,7.1
558,7
561,7
564,7
567,7
570,7
573,7
576,7
579,7
582,7
585,7.1
588,7
591,7
594,7
597,7
600,7.1
603,7
606,7
609,7.1
612,7.1
615,7
618,7
621,7.1
624,7
627,7
630,7.1
633,7
636,7
639,7
642,7
645,7
648,7
651,7
654,7.1
657,7
660,7
663,7
666,7
669,7
672,7
675,7
678,7
681,7
684,7
687,7.1
690,7
693,7
696,7
699,7
702,7
705,7
708,7
711,7.1
714,7
717,7
720,7
723,7
726,7.1
729,7
732,7.1
735,7
738,7
741,7
744,7
747,7
750,7
753,7
756,7
759,7.1
762,7
765,7
768,7.1
771,7
774,7
777,7
780,7
783,7
786,7
789,7.1
792,7
795,7
798,7
801,7
804,7
807,7
810,7.1
813,7
816,7
819,7
822,7
825,7
828,7
831,7
834,7
837,7
840,7
843,7.1
846,7
849,7
852,7
855,7
858,7
861,7
864,7
867,7
870,7
873,7
876,7
879,7.1
882,7
885,7
888,7
891,7
894,7
897,7
900,7
903,7
906,7.1
909,7
912,7
915,7
918,7
921,7
924,7
927,7
930,7
933,7.1
936,7
939,7.1
942,7
945,7
948,7
951,7
954,7
957,7
960,7
963,7
966,7
969,7
972,7
975,7.1
978,7
981,7
984,7
987,7
990,7
993,7
996,7
999,7
1002,7
1005,7.1
1008,7
1011,7
1014,7
1017,7
1020,7
1023,7
1026,7.1
1029,7.1
1032,7
1035,7
1038,7.1
1041,7
1044,7
1047,7
1050,7
1053,7
1056,7
1059,7
1062,7
1065,7
1068,7.1
1071,7
1074,7
1077,7.1
1080,7.1
1083,7
1086,7
1089,7
1092,7
1095,7
1098,7
1101,7
1104,7
1107,7
1110,7
1113,7
1116,7.1
1119,7
1122,7
1125,7
1128,7
1131,7
1134,7
1137,7
1140,7
1143,7
1146,7
1149,7
1152,7.1
1155,7
1158,7
1161,7.1
1164,7
1167,7
1170,7
1173,7
1176,7
1179,7
1182,7
1185,7
1188,7
1191,7
1194,7
1197,7.1
1200,7
1203,7.1
1206,7
1209,7
1212,7
1215,7
1218,7
1221,7
1224,7
1227,7
1230,7
1233,7.1
1236,7
1239,7
1242,7
1245,7
1248,7
1251,7
1254,7
1257,7
1260,7
1263,7
1266,7
1269,7
1272,7
1275,7
1278,7
1281,7
1284,7
1287,7
1290,7
1293,7
1296,7
1299,7.1
1302,7.1
1305,7
1308,7
1311,7
1314,7
1317,7
1320,7
1323,7
1326,7
1329,7
1332,7
1335,7
1338,7
1341,7
1344,7
1347,7
1350,7
1353,7
1356,7
1359,7
1362,7.1
1365,7
1368,7
1371,7
1374,7
1377,7.1
1380,7
1383,7
1386,7
1389,7
1392,7
1395,7
1398,7
1401,7
1404,7
1407,7
1410,7
1413,7
1416,7
1419,7
1422,7.1
1425,7
1428,7
1431,7.1
1434,7
1437,7
1440,7
1443,7
1446,7
1449,7
1452,7
1455,7
1458,7
1461,7
1464,7
1467,7.1
1470,7
1473,7
1476,7
1479,7
1482,7
1485,7
1488,7
1491,7
1494,7
1497,7
1500,7
1503,7
1506,7
1509,7
1512,7
1515,7
1518,7
1521,7
1524,7
1527,7
1530,7
1533,7
1536,7
1539,7.1
1542,7
1545,7
1548,7
1551,7
1554,7.1
1557,7
1560,7
1563,7
1566,7
1569,7.1
1572,7
1575,7
1578,7
1581,7.1
1584,7
1587,7
1590,7
1593,7
1596,7
1599,7
1602,7
1605,7
1608,7.1
1611,7
1614,7
1617,7
1620,7
1623,7
1626,7.1
1629,7
1632,7
1635,7.1
1638,6.9
1641,7
1644,7
1647,7.1
1650,7
1653,7
1656,7
1659,7
1662,7
1665,7
1668,7
1671,7
1674,7
1677,7
1680,7
1683,7
1686,7.1
1689,7
1692,7.1
1695,7
1698,7
1701,7
1704,7
1707,7
1710,7
1713,7
1716,7
1719,7
1722,7
1725,7
1728,7
1731,7
1734,7
1737,7
1740,7
1743,7.1
1746,7
1749,7.1
1752,7.1
1755,7
1758,7
1761,7.1
1764,7
1767,7
1770,7
1773,7
1776,7
1779,7
1782,7
1785,7
1788,7.1
1791,7
1794,7.1
1797,7
1800,7
1803,7
1806,7
1809,7
1812,7
1815,7.1
1818,7.1
1821,7
1824,7
1827,7
1830,7
1833,7
1836,7
1839,7
1842,7
1845,7.1
1848,7
1851,7.1
1854,7
1857,7.1
1860,7
1863,7
1866,7.1
1869,7
1872,7
1875,7
1878,7
1881,7.1
1884,7
1887,7
1890,7
1893,7
1896,7
1899,7
1902,7
1905,7
1908,7.1
1911,7
1914,7
1917,7
1920,7
1923,7
1926,7
1929,7
1932,7
1935,7
1938,7
1941,7
1944,7
1947,7
1950,7.1
1953,7
1956,7
1959,7.1
1962,7
1965,7
1968,7
1971,7
1974,7
1977,7
1980,7
1983,7
1986,7
1989,7
1992,7.1
1995,7
1998,7
2001,7
2004,7
2007,7
2010,7
2013,7.1
2016,7
2019,7.1
2022,7
2025,7
2028,7.1
2031,7
2034,7
2037,7
2040,7
2043,7
2046,7
2049,7
2052,7
2055,7
2058,7.1
2061,7
2064,7.1
2067,7
2070,7.1
2073,7
2076,7
2079,7
2082,7
2085,7
2088,7
2091,7.1
2094,7
2097,7
2100,7
2103,7.1
2106,7
2109,7.1
2112,7
2115,7
2118,7
2121,7
2124,7.1
2127,7
2130,7
2133,7
2136,7
2139,7
2142,7.1
2145,7
2148,7
2151,7
2154,7
2157,7
2160,7
2163,7
2166,7
2169,7.1
2172,7
2175,7.1
2178,7
2181,7
2184,7.1
2187,7
2190,7.1
2193,7
2196,7
2199,7
2202,7
2205,7
2208,7
2211,7.1
2214,7
2217,7
2220,7
2223,7
2226,7
2229,7
2232,7
2235,7
2238,7.1
2241,7
2244,7.1
2247,7
2250,7
2253,7
2256,7
2259,7.1
2262,7
2265,7
2268,7
2271,7
2274,7.1
2277,7
2280,7.1
2283,7
2286,7
2289,7
2292,7
2295,7
2298,7
2301,7
2304,7
2307,7
2310,7
2313,7.1
2316,7
2319,7.1
2322,7
2325,7
2328,7
2331,7
2334,7.1
2337,7
2340,7
2343,7
2346,7
2349,7
2352,7
2355,7
2358,7
2361,7
2364,7
2367,7
2370,7
2373,7
2376,7
2379,7
2382,7
2385,7.1
2388,7
2391,7
2394,7
2397,7
2400,7
2403,7
2406,7
2409,7
2412,7
2415,7
2418,7
2421,7.1
2424,7
2427,7
2430,7
2433,7
2436,7.1
2439,7
2442,7
2445,7
2448,7
2451,7
2454,7.1
2457,7.1
2460,7
2463,7
2466,7
2469,7.1
2472,7
2475,7
2478,7
2481,7
2484,7
2487,7
2490,7
2493,7
2496,7.1
2499,7.1
2502,7
2505,7.1
2508,7
2511,7.1
2514,7.1
2517,7.1
2520,7
2523,7
2526,7
2529,7
2532,7
2535,7
2538,7.1
2541,7.1
2544,7
2547,7
2550,7
2553,7
2556,7
2559,7
2562,7
2565,6.9
2568,7
2571,7.1
2574,7
2577,7
2580,7
2583,7
2586,7
2589,7
2592,7
2595,7
2598,7
2601,7
2604,7
2607,7
2610,7
2613,7.1
2616,7
2619,7
2622,7
2625,7
2628,7
2631,7
2634,7.1
2637,7.1
2640,7
2643,7
2646,7
2649,7
2652,7
2655,7
2658,7
2661,7
2664,7
2667,7
2670,7
2673,7
2676,7
2679,7
2682,7
2685,7
2688,7.1
2691,7
2694,7
2697,7
2700,7
2703,6.9
2706,7.1
2709,7
2712,7
2715,7.1
2718,7
2721,7
2724,7
2727,7
2730,7
2733,7
2736,7
2739,7.1
2742,7
2745,7
2748,7
2751,7
2754,7
2757,7
2760,7
2763,7
2766,7
2769,7
2772,7.1
2775,7
2778,7
2781,7
2784,7
2787,7.1
2790,7
2793,7
2796,7.1
2799,7.1
2802,7
2805,7.1
2808,7.1
2811,7
2814,7
2817,7.1
2820,12.9
2823,27.6
2826,27.6
2829,27.5
2832,27.5
2835,27.5
2838,27.5
2841,27.5
2844,27.5
2847,27.5
2850,27.5
2853,27.5
2856,27.5
2859,30.4
2862,32.7
2865,39.2
2868,39.1
2871,44
2874,44
2877,43.9
2880,44
2883,44
2886,44
2889,44
2892,39.3
2895,39.1
2898,41
2901,41
2904,41
2907,41
2910,41
2913,41
2916,41.1
2919,41
2922,41
2925,41
2928,40
2931,39.2
2934,39.2
2937,39.2
2940,39.2
2943,39.1
2946,39.1
2949,39.2
2952,40.1
2955,15.9
2958,15.9
2961,18.6
2964,39.2
2967,180.8
2970,227
2973,218.9
2976,171.5
2979,76.6
2982,76.6
2985,76.6
2988,76.2
2991,141.4
2994,73
2997,73.7
3000,74.1
3003,73.8
3006,73.3
3009,74
3012,72.1
3015,73.4
3018,73.3
3021,73.6
3024,73.3
3027,73.2
3030,73.4
3033,72.9
3036,73.3
3039,73.3
3042,73.7
3045,74
3048,73.5
3051,73.8
3054,74
3057,73.8
3060,74.1
3063,73.7
3066,73.1
3069,73.3
3072,72.8
3075,73.9
3078,73.8
3081,74.1
3084,73.2
3087,74
3090,74.1
3093,21.3
3096,7
3099,7.1
3102,7
3105,7.1
3108,7
3111,7
3114,7
3117,7
3120,7
3123,7
3126,7.1
3129,7
3132,7
3135,7
3138,7.1
3141,7
3144,7
3147,7
3150,7
3153,7.1
3156,7.1
3159,7
3162,7
3165,7
3168,7
3171,7.1
3174,6.9
3177,7
3180,7
3183,7
3186,7
3189,7.1
3192,7
3195,7
3198,7.1
3201,7
3204,7.1
3207,7
3210,7.1
3213,7
3216,7
3219,7.1
3222,7
3225,7
3228,7
3231,7
3234,7
3237,7.1
3240,7
3243,7.1
3246,7
3249,7.1
3252,7
3255,7
3258,7
3261,7
3264,7
3267,7
3270,7
3273,7
3276,7
3279,7.1
3282,7
3285,7
3288,7
3291,7
3294,7
3297,7.1
3300,7
3303,7
3306,7
3309,7
3312,7
3315,7
3318,7.1
3321,7.1
3324,7.1
3327,7
3330,7
3333,7
3336,7
3339,7
3342,7
3345,7
3348,7
3351,7
3354,7
3357,7
3360,7
3363,7
3366,7
3369,7
3372,7
3375,7
3378,7.1
3381,7.1
3384,7
3387,7
3390,7.1
3393,7
3396,7
3399,7
3402,7
3405,7
3408,7.1
3411,7
3414,7
3417,7
3420,7.1
3423,7
3426,7
3429,7
3432,7
3435,7
3438,7
3441,7
3444,7
3447,7.1
3450,7
3453,7
3456,7
3459,7
3462,7.1
3465,7
3468,7.1
3471,7
3474,7
3477,7.1
3480,7
3483,7
3486,7
3489,7
3492,7
3495,7
3498,7
3501,7
3504,7.1
3507,7
3510,7.1
3513,7
3516,7
3519,7.1
3522,7
3525,7
3528,7.1
3531,7
3534,7
3537,7
3540,7
3543,7
3546,7.1
3549,7
3552,7.1
3555,7
3558,7
3561,7
3564,7
3567,7
3570,7
3573,7
3576,7
3579,7
3582,7
3585,7.1
3588,7
3591,7
3594,7
3597,7
3600,7
3603,7.1
3606,7
3609,7
3612,7
3615,7
3618,7
3621,7
3624,7
3627,7.1
3630,7
3633,7
3636,7
3639,7
3642,7
3645,7.1
3648,7
3651,7
3654,7
3657,7
3660,7
3663,7
3666,7
3669,7
3672,7
3675,7
3678,7.1
3681,7
3684,7
3687,7
3690,7
3693,7
3696,7.1
3699,7
3702,7
3705,7
3708,7
3711,7
3714,7
3717,7
3720,7
3723,7
3726,7
3729,7
3732,7
3735,7
3738,7
3741,7
3744,7
3747,7
3750,7.1
3753,7
3756,7
3759,7
3762,7
3765,7
3768,7
3771,7
3774,7
3777,7
3780,7
3783,7
3786,7
3789,7.1
3792,7
3795,7
3798,7.1
3801,7
3804,7.1
3807,7
3810,7
3813,7
3816,7.1
3819,7
3822,7
3825,7.1
3828,7
3831,7
3834,7
3837,7
3840,7
3843,7
3846,7
3849,7
3852,7
3855,7
3858,7
3861,7
3864,7
3867,7
3870,7.1
3873,7
3876,7
3879,7.1
3882,7.1
3885,7
3888,7.1
3891,7
3894,7
3897,7.1
3900,7
3903,7
3906,7
3909,7.1
3912,7
3915,7.1
3918,7
3921,7
3924,7
3927,7
3930,7.1
3933,7
3936,7
3939,7
3942,7.1
3945,7
3948,7.1
3951,7
3954,7
3957,7
3960,7
3963,7
3966,7.1
3969,7.1
3972,7
3975,7
3978,7
3981,7
3984,7
3987,7
3990,7
3993,7
3996,7
3999,7
4002,7
4005,7
4008,7
4011,7
4014,7
4017,7
4020,7.1
4023,7
4026,7.1
4029,7.1
4032,7
4035,7.1
4038,7
4041,7
4044,7
4047,7
4050,7
4053,7
4056,7.1
4059,7
4062,7
4065,7
4068,7
4071,7.1
4074,7
4077,7
4080,7
4083,7
4086,7
4089,7
4092,7
4095,7
4098,7
4101,7
4104,7.1
4107,7
4110,7
4113,7
4116,7
4119,7
4122,7
4125,7
4128,7.1
4131,7
4134,7.1
4137,7
4140,7
4143,7
4146,7
4149,7
4152,7
4155,7
4158,7.1
4161,7
4164,7
4167,7
4170,7
4173,7
4176,7
4179,7.1
4182,7
4185,7.1
4188,7
4191,7
4194,7
4197,7
4200,7
4203,7
4206,7.1
4209,7
4212,7
4215,7
4218,7
4221,7
4224,7
4227,7
4230,7
4233,7
4236,7
4239,7
4242,7
4245,7
4248,7.1
4251,7
4254,7
4257,7
4260,7
4263,7
4266,7
4269,7
4272,7
4275,7
4278,7
4281,7
4284,7
4287,7
4290,7
4293,7.1
4296,7.1
4299,7
4302,7
4305,7
4308,7
4311,7
4314,7.1
4317,7
4320,7
4323,7
4326,7
4329,7
4332,7
4335,7
4338,7
4341,7
4344,7
4347,7
4350,7
4353,7.1
4356,7
4359,7
4362,7
4365,7
4368,7
4371,7
4374,7
4377,7
4380,7
4383,7.1
4386,7
4389,7.1
4392,7
4395,7
4398,7
4401,7
4404,7
4407,7.1
4410,7
4413,7
4416,7.1
4419,7
4422,7.1
4425,7
4428,7
4431,7
4434,7
4437,7
4440,7
4443,7
4446,7
4449,7
4452,7
4455,7
4458,7
4461,7
4464,7
4467,7
4470,7
4473,7
4476,7
4479,7
4482,7
4485,7
4488,7
4491,7
4494,7
4497,7
4500,7
4503,7
4506,7
4509,7
4512,7
4515,7
4518,7
4521,7.1
4524,7
4527,7
4530,7
4533,7
4536,7.1
4539,7
4542,7.1
4545,7
4548,7
4551,7
4554,7
4557,7
4560,7
4563,7
4566,7
4569,7.1
4572,7
4575,7
4578,7
4581,7
4584,7
4587,7
4590,7
4593,7.1
4596,7
4599,7.1
4602,7
4605,7
4608,7
4611,7
4614,7
4617,7
4620,7
4623,7
4626,7
4629,7
4632,7
4635,7.1
4638,7.1
4641,7
4644,7
4647,7
4650,7
4653,7
4656,7
4659,7
4662,7
4665,7
4668,7
4671,7
4674,7
4677,7.1
4680,7
4683,7
4686,7
4689,7
4692,7
4695,7
4698,7
4701,7.1
4704,7
4707,7
4710,7
4713,7
4716,7
4719,7
4722,7
4725,7
4728,7
4731,7
4734,7.1
4737,7
4740,7
4743,7
4746,7.1
4749,7
4752,7
4755,7
4758,7
4761,7
4764,7
4767,7
4770,7
4773,7
4776,7
4779,7
4782,7.1
4785,7
4788,7
4791,7
4794,7
4797,7
4800,7
4803,7.1
4806,7
4809,7
4812,7.1
4815,7
4818,7.1
4821,7
4824,7
4827,7
4830,7
4833,7
4836,7.1
4839,7.1
4842,7
4845,7
4848,7
4851,7
4854,7
4857,7
4860,7
4863,7
4866,7
4869,7
4872,7.1
4875,7
4878,7.1
4881,7
4884,7.1
4887,7
4890,7.1
4893,7
4896,7.1
4899,7
4902,7
4905,7
4908,7
4911,7
4914,7
4917,7
4920,7
4923,7
4926,7
4929,7
4932,7
4935,7
4938,7
4941,7
4944,7
4947,7
4950,7.1
4953,7
4956,7
4959,7
4962,7
4965,7.1
4968,7
4971,7.1
4974,7
4977,7
4980,7
4983,7
4986,7
4989,7.1
4992,7
4995,7
4998,7
5001,7.1
5004,7
5007,7
5010,7
5013,7.1
5016,7
5019,7.1
5022,7.1
5025,7
5028,7
5031,7
5034,7
5037,7
5040,7
5043,7
5046,7
5049,7
5052,7
5055,7
5058,7
5061,7.1
5064,7
5067,7.1
5070,7
5073,7
5076,7
5079,7
5082,7
5085,7.1
5088,7
5091,7
5094,7
5097,7
5100,7
5103,7
5106,7
5109,7.1
5112,7
5115,7
5118,7
5121,7
5124,7
5127,7
5130,7
5133,7.1
5136,7.1
5139,7
5142,7.1
5145,7
5148,7
5151,7.1
5154,7
5157,7
5160,7
5163,7
5166,7
5169,7
5172,7
5175,7
5178,7
5181,7
5184,7.1
5187,7.1
5190,7
5193,7.1
5196,7
5199,7
5202,7
5205,7
5208,7.1
5211,7
5214,7
5217,7
5220,7
5223,7
5226,7
5229,7
5232,7
5235,7
5238,7
5241,7
5244,7
5247,7
5250,7
5253,7.1
5256,7
5259,7
5262,7.1
5265,7
5268,7.1
5271,7.1
5274,7
5277,7
5280,7
5283,7
5286,7.1
5289,7.1
5292,7
5295,7
5298,7
5301,7
5304,7
5307,7
5310,7
5313,7.1
5316,7
5319,7
5322,7
5325,7
5328,7.1
5331,7
5334,7.1
5337,7
5340,7
5343,7
5346,7
5349,7
5352,7
5355,7
5358,7
5361,7
5364,7
5367,7
5370,7.1
5373,7.1
5376,7
5379,7
5382,7
5385,7
5388,7.1
5391,7
5394,7
5397,7
5400,7
5403,7
5406,7
5409,7
5412,7
5415,7
5418,7
5421,7
5424,7.1
5427,7.1
5430,7
5433,7
5436,7
5439,7
5442,7
5445,7.1
5448,7
5451,7
5454,7
5457,7.1
5460,7.1
5463,7
5466,7
5469,7.1
5472,7
5475,7
5478,7.1
5481,7
5484,7
5487,7
5490,7
5493,7
5496,7
5499,7.1
5502,7
5505,7
5508,7
5511,7.1
5514,7
5517,7
5520,7
5523,7
5526,7
5529,7.1
5532,7
5535,7
5538,7.1
5541,7
5544,7
5547,7.1
5550,7
5553,7
5556,7
5559,7
5562,7
5565,7
5568,7
5571,7
5574,7
5577,7
5580,7
5583,7
5586,7
5589,7
5592,7.1
5595,7.1
5598,7
5601,7
5604,7
5607,7
5610,7
5613,7
5616,7
5619,7
5622,7
5625,7
5628,7
5631,7.1
5634,7
5637,7
5640,7
5643,7
5646,7.1
5649,7
5652,7
5655,7
5658,7
5661,7.1
5664,7
5667,7.1
5670,7
5673,7
5676,7
5679,7
5682,7.1
5685,7
5688,7
5691,7.1
5694,7
5697,7
5700,7
5703,7
5706,7
5709,7
5712,7
5715,7.1
5718,7
5721,7.1
5724,7
5727,7
5730,7
5733,7
5736,7
5739,7
5742,7
5745,7
5748,7
5751,7
5754,7
5757,7
5760,7
5763,7
5766,7
5769,7
5772,7
5775,7
5778,7
5781,7
5784,7
5787,7
5790,7
5793,7
5796,7
5799,7
5802,7.1
5805,7
5808,7
5811,7
5814,7
5817,7
5820,7
5823,7
5826,7
5829,7
5832,7
5835,7
5838,7
5841,7
5844,7.1
5847,7
5850,7
5853,7.1
5856,7
5859,7
5862,7
5865,7
5868,7
5871,7
5874,7
5877,7
5880,7
5883,7
5886,7.1
5889,7
5892,7
5895,7
5898,7
5901,7.1
5904,7
5907,7
5910,7
5913,7
5916,7
5919,7
5922,7
5925,7.1
5928,7
5931,7
5934,7
5937,7
5940,7.1
5943,7
5946,7
5949,7
5952,7
5955,7
5958,7
5961,7
5964,7
5967,7
5970,7
5973,7
5976,7
5979,7
5982,7
5985,7
5988,7
5991,7
5994,7
5997,7
6000,7
6003,7.1
6006,7
6009,7
6012,7
6015,7
6018,7
6021,7
6024,7
6027,7
6030,7
6033,7
6036,7
6039,7
6042,7
6045,7
6048,7
6051,7
6054,7
6057,7
6060,7.1
6063,7
6066,7.1
6069,7
6072,7.1
6075,7.1
6078,7
6081,7
6084,7
6087,7
6090,7.1
6093,7.1
6096,7
6099,7
6102,7
6105,7
6108,7.1
6111,7
6114,7
6117,7.1
6120,7
6123,7
6126,7
6129,7
6132,7
6135,7
6138,7
6141,7
6144,7.1
6147,7
6150,7
6153,7
6156,7
6159,7
6162,7
6165,7.1
6168,7
6171,7.1
6174,7
6177,7
6180,7
6183,7
6186,7
6189,7.1
6192,7.1
6195,7
6198,7
6201,7
6204,7
6207,7
6210,7
6213,7
6216,7
6219,7
6222,7.1
6225,7
6228,7
6231,7
6234,7.1
6237,7
6240,7
6243,7
6246,7
6249,7.1
6252,7
6255,7.1
6258,7
6261,7
6264,7
6267,7
6270,7
6273,7
6276,7
6279,7
6282,7.1
6285,7
6288,7
6291,7
6294,7
6297,7.1
6300,7
6303,7
6306,7
6309,7
6312,7
6315,7.1
6318,7
6321,7
6324,7
6327,7
6330,7
6333,7
6336,7
6339,7
6342,7
6345,7
6348,7
6351,7
6354,7.1
6357,7
6360,7
6363,7
6366,7
6369,7.1
6372,7.1
6375,7
6378,7
6381,7
6384,7
6387,7
6390,7
6393,7
6396,7
6399,7
6402,7.1
6405,7
6408,7
6411,7.1
6414,7
6417,7
6420,7
6423,7
6426,7
6429,7
6432,7
6435,7
6438,7.1
6441,7.1
6444,7
6447,7.1
6450,7
6453,7
6456,7.1
6459,7
6462,7.1
6465,7
6468,7.1
6471,7.1
6474,7
6477,7
6480,7
6483,7
6486,7
6489,7
6492,7
6495,7
6498,7
6501,7
6504,7.1
6507,7
6510,7
6513,7.1
6516,7
6519,7
6522,7
6525,7
6528,7.1
6531,7.1
6534,7
6537,7.1
6540,7
6543,7
6546,7
6549,7.1
6552,7.1
6555,7
6558,7
6561,7.1
6564,7
6567,7
6570,7
6573,7
6576,7
6579,7
6582,7
6585,7
6588,7
6591,7.1
6594,7
6597,7
6600,7.1
6603,7
6606,7.1
6609,7
6612,7
6615,7
6618,7
6621,7
6624,7
6627,7.1
6630,7
6633,7
6636,7
6639,7
6642,7
6645,7
6648,7.1
6651,7
6654,7
6657,7
6660,7
6663,7
6666,7.1
6669,7.1
6672,6.9
6675,7.1
6678,7
6681,7
6684,7
6687,7
6690,7.1
6693,7
6696,7
6699,7
6702,7
6705,7.1
6708,7
6711,7
6714,7
6717,7
6720,7
6723,7
6726,7.1
6729,7
6732,7
6735,7
6738,7
6741,7.1
6744,7
6747,7
6750,7
6753,7
6756,7
6759,7
6762,7
6765,7
6768,7
6771,7
6774,7.1
6777,7.1
6780,7
6783,7
6786,7
6789,7
6792,7
6795,7
6798,7
6801,7
6804,7
6807,7
6810,7
6813,7
6816,7.1
6819,7
6822,7
6825,7
6828,7
6831,7
6834,7
6837,7
6840,7.1
6843,7
6846,7.1
6849,7
6852,7
6855,7
6858,7.1
6861,7
6864,7
6867,7
6870,7
6873,7
6876,7.1
6879,7
6882,7
6885,7
6888,7
6891,7
6894,7
6897,7
6900,7
6903,7.1
6906,7
6909,7
6912,7
6915,7
6918,7
6921,7
6924,7
6927,7.1
6930,7
6933,7
6936,7
6939,7
6942,7
6945,7
6948,7
6951,7.1
6954,7
6957,7
6960,7
6963,7.1
6966,7
6969,7
6972,7
6975,7
6978,7
6981,7
6984,7
6987,7
6990,7
6993,7
6996,7
6999,7
7002,7
7005,7
7008,7
7011,7
7014,7
7017,7
7020,7
7023,7
7026,7.1
7029,7
7032,7
7035,7
7038,7
7041,7
7044,7
7047,7
7050,7
7053,7
7056,7
7059,7
7062,7
7065,7
7068,7
7071,7
7074,7.1
7077,7
7080,7
7083,7.1
7086,7
7089,7
7092,7
7095,7
7098,7
7101,7
7104,7
7107,7
7110,7.1
7113,7.1
7116,7
7119,7
7122,7
7125,7
7128,7
7131,7
7134,7
7137,7
7140,7
7143,7
7146,7
7149,7.1
7152,7.1
7155,7
7158,7
7161,7
7164,7
7167,7
7170,7
7173,7
7176,7
7179,7
7182,7
7185,7
7188,7
7191,7
7194,7.1
7197,7
7200,7.1
7203,7
7206,7
7209,7
7212,7
7215,7
7218,7
7221,7
7224,7
7227,7
7230,7
7233,7
7236,7
7239,7
7242,7
7245,7
7248,7.1
7251,7
7254,7
7257,7
7260,7.1
7263,7
7266,7
7269,7
7272,7.1
7275,7
7278,7
7281,7
7284,7
7287,7.1
7290,7.1
7293,7
7296,7
7299,7
7302,7
7305,7
7308,7.1
7311,7
7314,7
7317,7
7320,7
7323,7.1
7326,7
7329,7.1
7332,7.1
7335,7.1
7338,7
7341,7
7344,7.1
7347,7
7350,7.1
7353,7
7356,7
7359,7
7362,7
7365,7
7368,7
7371,7
7374,7.1
7377,7
7380,7
7383,7
7386,7.1
7389,7
7392,7
7395,7
7398,7
7401,7
7404,7
7407,7
7410,7
7413,7
7416,7
7419,7
7422,7
7425,7
7428,7
7431,7
7434,7
7437,7.1
7440,7
7443,7
7446,7
7449,7
7452,7
7455,7
7458,7.1
7461,7
7464,7
7467,7
7470,7.1
7473,7
7476,7
7479,7
7482,7
7485,7
7488,7
7491,7
7494,7
7497,7
7500,7
7503,7
7506,7
7509,7
7512,7
7515,7
7518,7
7521,7
7524,7
7527,7
7530,7
7533,7
7536,7
7539,7
7542,7.1
7545,7
7548,7
7551,7
7554,7
7557,7
7560,7
7563,7
7566,7
7569,7
7572,7
7575,7
7578,7
7581,7
7584,7
7587,7
7590,7
7593,7
7596,7
7599,7
7602,7
7605,7
7608,7
7611,7
7614,7
7617,7
7620,7
7623,7
7626,7
7629,7
7632,7
7635,7
7638,7
7641,7
7644,7
7647,7
7650,7.1
7653,7
7656,7
7659,7
7662,7
7665,7
7668,7
7671,7
7674,7
7677,7.1
7680,7.1
7683,7
7686,7.1
7689,7
7692,7
7695,7
7698,7
7701,7
7704,7
7707,7.1
7710,7
7713,7
7716,7
7719,7
7722,7
7725,7
7728,7
7731,7
7734,7
7737,7
7740,7
7743,7
7746,7
7749,7
7752,7
7755,7
7758,7
7761,7
7764,7
7767,7
7770,7
7773,7.1
7776,7
7779,7
7782,7
7785,7
7788,7
7791,7
7794,7
7797,7
7800,7
7803,7.1
7806,7.1
7809,7
7812,7
7815,7
7818,7
7821,7
7824,7
7827,7
7830,7
7833,7
7836,7
7839,7
7842,7
7845,7
7848,7
7851,7
7854,7
7857,7
7860,7
7863,7.1
7866,7.1
7869,7
7872,7
7875,7
7878,7
7881,7.1
7884,7
7887,7
7890,7
7893,7
7896,7
7899,7
7902,7
7905,7
7908,7
7911,7
7914,7
7917,7.1
7920,7
7923,7
7926,7
7929,7.1
7932,7
7935,7
7938,7
7941,7
7944,7.1
7947,7
7950,7
7953,7.1
7956,7
7959,7
7962,7.1
7965,7
7968,6.9
7971,7
7974,7.1
7977,7
7980,7
7983,7
7986,7.1
7989,7
7992,7
7995,7
7998,7
8001,7
8004,7
8007,7
8010,7
8013,7
8016,7
8019,7
8022,7
8025,7
8028,13
8031,27.5
8034,27.5
8037,27.5
8040,27.4
8043,27.5
8046,27.5
8049,27.5
8052,27.5
8055,27.5
8058,27.5
8061,27.5
8064,27.5
8067,30.4
8070,38.8
8073,39.1
8076,39.6
8079,44
8082,43.9
8085,44
8088,44.2
8091,44
8094,43.9
8097,43.9
8100,39.2
8103,39.5
8106,41
8109,41
8112,41
8115,41
8118,41
8121,41
8124,41
8127,41
8130,41
8133,41
8136,39.1
8139,39.1
8142,39.2
8145,40.3
8148,39.1
8151,39.1
8154,39.2
8157,39.2
8160,40.2
8163,10.5
8166,10.5
8169,43.7
8172,41.6
8175,273.5
8178,332.6
8181,217
8184,232.2
8187,75.7
8190,78.5
8193,77.5
8196,77.8
8199,73.7
8202,74.5
8205,73.9
8208,74.2
8211,74.7
8214,73.7
8217,73.8
8220,73.9
8223,73.8
8226,73.8
8229,74.1
8232,73.9
8235,73.8
8238,73.9
8241,73.8
8244,74.2
8247,73.8
8250,73.6
8253,74.3
8256,74.2
8259,73.7
8262,74.5
8265,74
8268,74.3
8271,74.7
8274,74.6
8277,74.7
8280,74.6
8283,73.9
8286,73.6
8289,74.6
8292,73.6
8295,73.3
8298,18.1
8301,7.2
8304,7.1
8307,7.1
8310,7
8313,7
8316,7.1
8319,7.1
8322,7
8325,7
8328,7
8331,7
8334,7.1
8337,7
8340,7.1
8343,7.1
8346,7
8349,7
8352,7
8355,7
8358,7
8361,7.1
8364,7
8367,7
8370,7
8373,7
8376,7
8379,7
8382,7.1
8385,7
8388,7
8391,7.1
8394,7
8397,7
8400,7
8403,7
8406,7
8409,7
8412,7.1
8415,7.1
8418,7
8421,7
8424,7
8427,7
8430,7
8433,7
8436,7
8439,7.1
8442,7.1
8445,7
8448,7
8451,7.1
8454,7
8457,7
8460,7.1
8463,7
8466,7
8469,7
8472,7
8475,7
8478,7
8481,7
8484,7
8487,7
8490,7
8493,7.1
8496,7.1
8499,7
8502,7
8505,7
8508,7
8511,7.1
8514,7
8517,7
8520,7
8523,7
8526,7
8529,7
8532,7
8535,7
8538,7
8541,7
8544,7
8547,7
8550,7
8553,7
8556,7.1
8559,7
8562,7
8565,7.1
8568,7
8571,7
8574,7
8577,7
8580,7
8583,7
8586,7
8589,7.1
8592,7
8595,7
8598,7
8601,7.1
8604,7
8607,7
8610,7
8613,7
8616,7
8619,7
8622,7
8625,7
8628,7
8631,7
8634,7.1
8637,7
8640,7
8643,7.1
8646,7
8649,7
8652,7.1
8655,7
8658,7
8661,7
8664,7
8667,7
8670,7
8673,7
8676,7
8679,7
8682,7.1
8685,7
8688,7.1
8691,7.1
8694,7
8697,7
8700,7.1
8703,7
8706,7
8709,7
8712,7
8715,7
8718,7.1
8721,7.1
8724,7
8727,7
8730,7
8733,7
8736,7
8739,7
8742,7.1
8745,7
8748,7
8751,7
8754,7
8757,7
8760,7
8763,7
8766,7
8769,7
8772,7
8775,7.1
8778,7.1
8781,7
8784,7
8787,7
8790,7
8793,7
8796,7.1
8799,7
8802,7
8805,7
8808,7
8811,7.1
8814,7
8817,7
8820,7
8823,7
8826,7
8829,7
8832,7.1
8835,7
8838,7
8841,7.1
8844,7.1
8847,7
8850,7.1
8853,7
8856,7
8859,7.1
8862,7.1
8865,7
8868,7
8871,7.1
8874,7
8877,7
8880,7
8883,7.1
8886,7
8889,7.1
8892,7
8895,7
8898,7
8901,7.1
8904,7
8907,7
8910,7
8913,7
8916,7
8919,7
8922,7
8925,7
8928,7
8931,7.1
8934,7
8937,7
8940,7
8943,7
8946,7.1
8949,7
8952,7
8955,7
8958,7
8961,7
8964,7
8967,7
8970,7
8973,7.1
8976,7
8979,7
8982,7.1
8985,7
8988,7
8991,7
8994,7
8997,7
9000,7.1
9003,7
9006,7
9009,7.1
9012,7.1
9015,7
9018,7
9021,7
9024,7
9027,7
9030,7
9033,7
9036,7
9039,7
9042,7
9045,7
9048,7
9051,7.1
9054,7.1
9057,7
9060,7
9063,7
9066,7
9069,7
9072,7
9075,7.1
9078,7
9081,7
9084,7
9087,7
9090,7
9093,7
9096,7
9099,7
9102,7
9105,7
9108,7
9111,7.1
9114,7.1
9117,7
9120,7
9123,7
9126,7
9129,7.1
9132,7
9135,7
9138,7
9141,7
9144,7.1
9147,7
9150,7.1
9153,7
9156,7
9159,7
9162,7
9165,7
9168,7
9171,7
9174,7
9177,7
9180,7
9183,7.1
9186,6.9
9189,7
9192,7
9195,7
9198,7
9201,7
9204,7
9207,7
9210,7
9213,7
9216,7
9219,7.1
9222,7
9225,7
9228,7
9231,7.1
9234,7
9237,7
9240,7
9243,7
9246,7
9249,7
9252,7
9255,7
9258,7
9261,7.1
9264,7
9267,7
9270,7
9273,7
9276,7
9279,7
9282,7.1
9285,7
9288,7
9291,7.1
9294,7
9297,7
9300,7
9303,7
9306,7.1
9309,7
9312,7
9315,7.1
9318,7
9321,7
9324,7
9327,7
9330,7.1
9333,7
9336,7
9339,7
9342,7.1
9345,7
9348,7
9351,7
9354,7
9357,7
9360,7
9363,7
9366,7.1
9369,7
9372,7
9375,7
9378,7
9381,7
9384,7
9387,7
9390,7
9393,7
9396,7
9399,7
9402,7
9405,7
9408,7
9411,7
9414,7
9417,7.1
9420,7
9423,7
9426,6.9
9429,7
9432,7
9435,7.1
9438,7
9441,7
9444,7
9447,7
9450,7.1
9453,7
9456,7.1
9459,7
9462,7
9465,7
9468,7
9471,7
9474,7
9477,7
9480,7.1
9483,7
9486,7.1
9489,7
9492,7
9495,7
9498,7.1
9501,7
9504,7
9507,7
9510,7
9513,7
9516,7
9519,7
9522,6.9
9525,7
9528,7
9531,7
9534,7
9537,7
9540,7.1
9543,7
9546,7
9549,7
9552,7
9555,7
9558,7
9561,7
9564,7
9567,7
9570,7
9573,7
9576,7.1
9579,7
9582,7
9585,7
9588,7
9591,7
9594,7.1
9597,7
9600,7.1
9603,7
9606,7
9609,7
9612,7
9615,7
9618,7.1
9621,7
9624,7
9627,7.1
9630,7
9633,7
9636,7.1
9639,7
9642,7
9645,7
9648,7.1
9651,7
9654,7
9657,7
9660,7
9663,7
9666,7
9669,7
9672,7
9675,7
9678,7
9681,7
9684,7
9687,7.1
9690,7
9693,7
9696,7
9699,7
9702,7
9705,7.1
9708,7
9711,7
9714,7
9717,7
9720,7
9723,7
9726,7
9729,7
9732,7
9735,7
9738,7
9741,7
9744,7.1
9747,7
9750,7
9753,7
9756,7
9759,7
9762,7
9765,7
9768,7
9771,7
9774,7
9777,7
9780,7
9783,7
9786,7
9789,7
9792,7
9795,7
9798,7.1
9801,7.1
9804,7
9807,7
9810,7
9813,7
9816,7
9819,7
9822,7
9825,7
9828,7
9831,7
9834,7
9837,7
9840,7
9843,7
9846,7
9849,7
9852,7.1
9855,7
9858,7.1
9861,7
9864,7
9867,7
9870,7.1
9873,7
9876,7
9879,7
9882,7
9885,7
9888,7.1
9891,7.1
9894,7
9897,7.1
9900,7
9903,7
9906,7
9909,7
9912,7
9915,7
9918,7
9921,7.1
9924,7
9927,7
9930,7
9933,7
9936,7.1
9939,7
9942,7
9945,7.1
9948,7
9951,7
9954,7
9957,7
9960,7
9963,7
9966,7
9969,7
9972,7
9975,7.1
9978,7
9981,7.1
9984,7
9987,7
9990,7
9993,7
9996,7
9999,7
10002,7
10005,7
10008,7
10011,7
10014,7
10017,7
10020,7
10023,7
10026,7.1
10029,7
10032,7
10035,7
10038,7.1
10041,7.1
10044,7
10047,7
10050,7
10053,7
10056,7
10059,7
10062,7
10065,7
10068,7
10071,7
10074,7
10077,7.1
10080,7
10083,7
10086,7.1
10089,7
10092,7
10095,7
10098,7
10101,7
10104,7
10107,7
10110,7
10113,7
10116,7.1
10119,7
10122,7
10125,7
10128,7
10131,7
10134,7
10137,7
10140,7
10143,7.1
10146,7
10149,7
10152,7
10155,7
10158,7
10161,7
10164,7
10167,7.1
10170,7
10173,7
10176,7
10179,7.1
10182,7.1
10185,7
10188,7
10191,7
10194,7
10197,7
10200,7
10203,7
10206,7
10209,7
10212,7
10215,7
10218,7
10221,7
10224,7
10227,7
10230,7
10233,7
10236,7.1
10239,7
10242,7
10245,7
10248,7
10251,7
10254,7
10257,7
10260,7
10263,7
10266,7.1
10269,7
10272,7
10275,7.1
10278,7
10281,7.1
10284,7
10287,7
10290,7
10293,7
10296,7
10299,7
10302,7
10305,7
10308,7
10311,7
10314,7
10317,7
10320,7
10323,7
10326,7
10329,7
10332,7.1
10335,7.1
10338,7
10341,7
10344,7
10347,7
10350,7
10353,7
10356,7
10359,7
10362,7
10365,7
10368,7
10371,7
10374,7
10377,7
10380,7
10383,7.1
10386,7
10389,7
10392,7
10395,7.1
10398,7
10401,7
10404,7
10407,7
10410,7
10413,7
10416,7
10419,7
10422,7
10425,7
10428,7
10431,7
10434,7.1
10437,7
10440,7
10443,7.1
10446,7
10449,7
10452,7
10455,7
10458,7
10461,7
10464,7
10467,7
10470,7
10473,7
10476,7
10479,7.1
10482,7
10485,7
10488,7
10491,7
10494,7
10497,7.1
10500,7
10503,7
10506,7
10509,6.9
10512,7
10515,7
10518,7
10521,7
10524,7
10527,7
10530,7
10533,7
10536,7
10539,7
10542,7
10545,7
10548,7
10551,7
10554,7
10557,7
10560,7
10563,7
10566,7
10569,7
10572,7
10575,7
10578,7
10581,7
10584,7
10587,7
10590,7
10593,7
10596,7
10599,7
10602,7
10605,7
10608,7.1
10611,7.1
10614,7.1
10617,7
10620,7
10623,7.1
10626,7
10629,7
10632,7.1
10635,7.1
10638,7
10641,7
10644,7
10647,7
10650,7
10653,7
10656,7
10659,7
10662,7
10665,7.1
10668,7
10671,7
10674,7
10677,7.1
10680,7
10683,7
10686,7
10689,7
10692,7
10695,7
10698,7
10701,7
10704,7
10707,7
10710,7
10713,7
10716,7
10719,7
10722,7
10725,7
10728,7
10731,7
10734,7.1
10737,7
10740,7
10743,7
10746,7
10749,7
10752,7
10755,7
10758,7
10761,7
10764,7
10767,6.9
10770,7.1
10773,7
10776,7
10779,7
10782,7
10785,7.1
10788,7
10791,7.1
10794,7
10797,7
10800,7.1
10803,7
10806,7.1
10809,7
10812,7
10815,7
10818,7
10821,7
10824,7
10827,7
10830,7.1
10833,7.1
10836,7.1
10839,7
10842,7
10845,7
10848,7.1
10851,7
10854,7
10857,7
10860,7
10863,7
10866,7.1
10869,7
10872,7
10875,7
10878,7
10881,7
10884,7
10887,7.1
10890,7
10893,7
10896,7
10899,7
10902,7
10905,7.1
10908,7
10911,7
10914,7
10917,7
10920,7
10923,7
10926,7
10929,7
10932,7.1
10935,7.1
10938,7.1
10941,7
10944,7.1
10947,7
10950,7
10953,7
10956,7
10959,7
10962,7
10965,7
10968,7
10971,7
10974,7
10977,7
10980,7.1
10983,7.1
10986,7.1
10989,7
10992,7
10995,7
10998,7
11001,7.1
11004,7.1
11007,7.1
11010,7
11013,7
11016,7
11019,7
11022,7
11025,7
11028,7
11031,7
11034,7
11037,7
11040,7
11043,7
11046,7
11049,7
11052,7.1
11055,7
11058,7
11061,7
11064,7
11067,7
11070,7
11073,7
11076,7
11079,7
11082,7
11085,7
11088,7
11091,7
11094,7.1
11097,7
11100,7
11103,7
11106,7
11109,7
11112,7
11115,7
11118,7
11121,7
11124,7
11127,7.1
11130,7
11133,7
11136,7
11139,7.1
11142,7.1
11145,7
11148,7
11151,7.1
11154,7
11157,7
11160,7.1
11163,7
11166,7
11169,7
11172,7
11175,7.1
11178,7.1
11181,7.1
11184,7.1
11187,7
11190,7.1
11193,7
11196,7
11199,7.1
11202,7.1
11205,7
11208,7
11211,7
11214,7
11217,7
11220,7
11223,7
11226,7.1
11229,7
11232,7
11235,7.1
11238,7
11241,7
11244,7
11247,7
11250,7
11253,7
11256,7
11259,7
11262,7
11265,7
11268,7
11271,7
11274,7
11277,7.1
11280,7.1
11283,7
11286,7.1
11289,7
11292,7
11295,7
11298,7
11301,7.1
11304,7
11307,7
11310,7
11313,7
11316,7
11319,7
11322,7
11325,7.1
11328,7
11331,7
11334,7
11337,7
11340,7.1
11343,7
11346,7.1
11349,7
11352,7
11355,7
11358,7
11361,7.1
11364,7
11367,7.1
11370,7
11373,7.1
11376,7
11379,7
11382,7.1
11385,7
11388,7
11391,7
11394,7
11397,7
11400,7
11403,7
11406,7
11409,7
11412,7
11415,7
11418,7
11421,7
11424,7.1
11427,7.1
11430,7
11433,7
11436,7
11439,7
11442,7
11445,7
11448,7
11451,7
11454,7
11457,7
11460,7
11463,7
11466,7
11469,7
11472,7.1
11475,7.1
11478,7.1
11481,7
11484,7.1
11487,7.1
11490,7
11493,7
11496,7
11499,7
11502,7
11505,7
11508,7
11511,7
11514,7
11517,7
11520,7
11523,7
11526,7
11529,7
11532,7
11535,7
11538,7
11541,7
11544,7
11547,7
11550,7
11553,7
11556,7
11559,7
11562,7
11565,7
11568,7
11571,7
11574,7
11577,7
11580,7
11583,7
11586,7
11589,7
11592,7
11595,7
11598,7
11601,7
11604,6.9
11607,7
11610,7.1
11613,7.1
11616,7
11619,7
11622,7
11625,7
11628,7
11631,7
11634,7.1
11637,7
11640,7.1
11643,7
11646,7
11649,7.1
11652,7
11655,7
11658,7
11661,7.1
11664,7
11667,7
11670,7.1
11673,7
11676,7
11679,7
11682,7
11685,7
11688,7
11691,7
11694,7
11697,7
11700,7
11703,7
11706,7.1
11709,7.1
11712,7
11715,7
11718,7
11721,7
11724,7
11727,7
11730,7
11733,7
11736,7
11739,7.1
11742,7.1
11745,7
11748,7
11751,7.1
11754,7
11757,7
11760,7
11763,7
11766,7
11769,7
11772,7
11775,7.1
11778,7
11781,7
11784,7
11787,7
11790,7.1
11793,7
11796,7
11799,7.1
11802,7
11805,7
11808,7
11811,7
11814,7
11817,7.1
11820,7.1
11823,7
11826,7
11829,7.1
11832,7
11835,7.1
11838,7
11841,7
11844,7.1
11847,7.1
11850,7.1
11853,7.1
11856,7
11859,7
11862,7.1
11865,7
11868,7
11871,7
11874,7.1
11877,7
11880,7
11883,7.1
11886,7
11889,7
11892,7
11895,7
11898,7
11901,7
11904,7.1
11907,7
11910,7
11913,7.1
11916,7.1
11919,7.1
11922,7.1
11925,7
11928,7
11931,7
11934,7
11937,7
11940,7.1
11943,7
11946,7
11949,7
11952,7
11955,7
11958,7
11961,7
11964,7
11967,7
11970,7
11973,7
11976,7.1
11979,7
11982,7.1
11985,7
11988,7.1
11991,7
11994,7
11997,7
12000,7
12003,7
12006,7
12009,7.1
12012,7
12015,7.1
12018,7
12021,7
12024,7.1
12027,7
12030,7.1
12033,7
12036,7
12039,7.1
12042,7.1
12045,7.1
12048,7
12051,6.9
12054,7
12057,7
12060,7
12063,7
12066,7
12069,7
12072,7
12075,7
12078,7
12081,7
12084,7
12087,7
12090,7
12093,7
12096,7
12099,7
12102,7
12105,7
12108,7
12111,7
12114,7
12117,7
12120,7
12123,7
12126,7
12129,7
12132,7
12135,7
12138,7
12141,7
12144,7
12147,7
12150,7
12153,7
12156,7.1
12159,7
12162,7.1
12165,7
12168,7.1
12171,7
12174,7
12177,7
12180,7
12183,7
12186,7
12189,7
12192,7
12195,7
12198,7
12201,7
12204,7
12207,7
12210,7
12213,7
12216,7
12219,7
12222,7
12225,7
12228,7
12231,7.1
12234,7
12237,7
12240,7
12243,7
12246,7
12249,7.1
12252,7
12255,7
12258,7
12261,7
12264,7
12267,7
12270,7
12273,7
12276,7
12279,7
12282,7
12285,7.1
12288,7.1
12291,7
12294,7
12297,7.1
12300,7
12303,7
12306,7
12309,7
12312,7.1
12315,7
12318,7
12321,7
12324,7
12327,7
12330,7
12333,7.1
12336,7.1
12339,7.1
12342,7
12345,7
12348,7
12351,7
12354,7.1
12357,7
12360,7
12363,7
12366,7.1
12369,7
12372,7
12375,7
12378,7
12381,7
12384,7.1
12387,7.1
12390,7
12393,7
12396,7
12399,7
12402,7
12405,7
12408,7
12411,7
12414,7
12417,7.1
12420,7
12423,7.1
12426,7
12429,7.1
12432,7.1
12435,7
12438,7
12441,7
12444,7.1
12447,7
12450,7
12453,7
12456,7
12459,7
12462,7
12465,7
12468,7.1
12471,7
12474,7.1
12477,7
12480,7
12483,7
12486,7.1
12489,7
12492,7
12495,7
12498,7
12501,7
12504,7
12507,7
12510,7
12513,7
12516,7
12519,7
12522,7
12525,7
12528,7
12531,7
12534,7
12537,7
12540,7
12543,7.1
12546,7
12549,7
12552,7.1
12555,7
12558,7
12561,7
12564,7
12567,7
12570,7
12573,7
12576,7
12579,7
12582,7
12585,7
12588,7
12591,7
12594,7
12597,7
12600,7
12603,7
12606,7
12609,7
12612,7
12615,7
12618,7
12621,7
12624,7
12627,7
12630,7.1
12633,7
12636,7
12639,7
12642,7
12645,7
12648,7
12651,7.1
12654,7
12657,7
12660,7
12663,7
12666,7.1
12669,7
12672,7
12675,7
12678,7
12681,7
12684,7
12687,7.1
12690,7.1
12693,7
12696,7
12699,7
12702,7.1
12705,7
12708,7
12711,7
12714,7
12717,7
12720,7
12723,7.1
12726,7
12729,7
12732,7
12735,7
12738,7
12741,7
12744,7
12747,7
12750,7.1
12753,7.1
12756,7
12759,7.1
12762,7
12765,7
12768,7
12771,7
12774,7
12777,7
12780,7
12783,7
12786,7
12789,7
12792,7
12795,7
12798,7
12801,7.1
12804,7.1
12807,7
12810,7
12813,7
12816,7
12819,7
12822,7
12825,7
12828,7
12831,7
12834,7
12837,7
12840,7
12843,7
12846,7
12849,7
12852,7
12855,7
12858,7
12861,7
12864,7
12867,7
12870,7
12873,7
12876,7
12879,7
12882,7.1
12885,7.1
12888,7
12891,7
12894,7
12897,7
12900,7
12903,7
12906,7
12909,7
12912,7
12915,7
12918,7
12921,7
12924,7
12927,7
12930,7
12933,7
12936,7
12939,7
12942,7.1
12945,7
12948,7.1
12951,7.1
12954,7
12957,7
12960,7
12963,7
12966,7
12969,7
12972,7
12975,7
12978,7
12981,7
12984,7
12987,7
12990,7
12993,7
12996,7
12999,7
13002,7
13005,7
13008,7
13011,7
13014,7.1
13017,7.1
13020,7
13023,7
13026,7
13029,7.1
13032,7.1
13035,7
13038,7.1
13041,7.1
13044,7
13047,7
13050,7
13053,7
13056,7
13059,7
13062,7
13065,7.1
13068,7.1
13071,7
13074,7
13077,7
13080,7
13083,7
13086,7
13089,7
13092,7.1
13095,7
13098,7
13101,7
13104,7
13107,7
13110,7.1
13113,7
13116,7
13119,7
13122,7
13125,7
13128,7.1
13131,7.1
13134,7
13137,7
13140,7
13143,7
13146,7
13149,7
13152,7
13155,7
13158,7
13161,7
13164,7
13167,7
13170,7
13173,7
13176,7.1
13179,7
13182,7
13185,7
13188,7.1
13191,7
13194,7
13197,7
13200,7
13203,7.1
13206,7
13209,7.1
13212,7.1
13215,7
13218,7.1
13221,7
13224,7.1
13227,7
13230,7
13233,10.9
13236,27.6
13239,27.5
13242,27.5
13245,27.5
13248,27.5
13251,27.4
13254,27.5
13257,27.5
13260,27.5
13263,27.5
13266,27.5
13269,27.5
13272,28.4
13275,32.2
13278,39.3
13281,39.1
13284,44
13287,44
13290,44
13293,44
13296,44
13299,44
13302,44
13305,41.7
13308,39.1
13311,41
13314,41
13317,41
13320,41
13323,41
13326,41
13329,41
13332,41
13335,40.9
13338,41
13341,39.2
13344,39.2
13347,39.2
13350,39.2
13353,39.1
13356,39.3
13359,39.1
13362,39.2
13365,40.7
13368,17.1
13371,16.6
13374,19.5
13377,33.7
13380,195.4
13383,237.9
13386,150.4
13389,206.2
13392,77.6
13395,76.8
13398,76.2
13401,75.7
13404,241.8
13407,73.8
13410,74
13413,73.7
13416,73.8
13419,73.4
13422,74
13425,73.8
13428,73.7
13431,73.7
13434,73.9
13437,73.7
13440,73.8
13443,74.2
13446,73.8
13449,73.9
13452,74.5
13455,74.4
13458,74.4
13461,74.4
13464,73.8
13467,73.8
13470,74.1
13473,74.7
13476,74.6
13479,73.9
13482,74.7
13485,73.4
13488,73.6
13491,73.7
13494,73.7
13497,73.9
13500,73.8
13503,74.3
13506,21.3
13509,7.1
13512,7.1
13515,7
13518,7
13521,7
13524,7
13527,7
13530,7
13533,7
13536,7
13539,7
13542,7
13545,7.1
13548,7
13551,7
13554,7
13557,7.1
13560,7.1
13563,7
13566,7.1
13569,7
13572,7
13575,7
13578,7
13581,7.1
13584,7
13587,7
13590,7
13593,7
13596,7
13599,7
13602,7
13605,7.1
13608,7
13611,7
13614,7
13617,7
13620,7
13623,7.1
13626,7
13629,7
13632,7
13635,7
13638,7
13641,7.1
13644,7
13647,7
13650,7
13653,7
13656,7
13659,7
13662,7
13665,7
13668,7
13671,7
13674,7
13677,7
13680,7
13683,7
13686,7
13689,7
13692,7
13695,7
13698,7
13701,7
13704,7.1
13707,7
13710,7
13713,7
13716,7
13719,7
13722,7
13725,7.1
13728,7
13731,7
13734,7
13737,7
13740,7.1
13743,7
13746,7
13749,7
13752,7.1
13755,7
13758,7.1
13761,7
13764,7
13767,7
13770,7
13773,7
13776,7
13779,7.1
13782,7.1
13785,7
13788,7
13791,7
13794,7
13797,7
13800,7.1
13803,7
13806,7
13809,7
13812,7.1
13815,7
13818,7.1
13821,7
13824,7
13827,7
13830,7
13833,7
13836,7.1
13839,7
13842,7
13845,7.1
13848,7
13851,7
13854,7
13857,7.1
13860,7
13863,7
13866,7
13869,7
13872,7.1
13875,7.1
13878,7
13881,7
13884,7
13887,7
13890,7
13893,7.1
13896,7
13899,7
13902,7
13905,7
13908,7
13911,7
13914,7
13917,7
13920,7
13923,7
13926,7
13929,7
13932,7.1
13935,7
13938,7
13941,7
13944,7
13947,7.1
13950,7
13953,7
13956,7.1
13959,7
13962,7.1
13965,7
13968,7.1
13971,7.1
13974,7.1
13977,7
13980,7
13983,7
13986,7
13989,7.1
13992,7.1
13995,7.1
13998,7
