3,7.00
6,7.00
9,7.00
12,7.10
15,7.00
18,7.10
21,7.10
24,7.00
27,7.00
30,7.00
33,7.00
36,7.00
39,7.10
42,7.10
45,7.00
48,7.00
51,7.00
54,7.00
57,7.10
60,7.00
63,7.00
66,7.00
69,7.00
72,7.00
75,7.00
78,7.00
81,7.10
84,7.00
87,7.00
90,7.00
93,7.00
96,7.00
99,7.00
102,7.10
105,7.00
108,7.00
111,7.00
114,7.00
117,7.00
120,7.00
123,7.00
126,7.10
129,7.00
132,7.00
135,7.10
138,7.00
141,7.00
144,7.00
147,7.00
150,7.00
153,7.00
156,7.00
159,7.00
162,7.10
165,7.00
168,7.00
171,7.00
174,7.00
177,7.00
180,7.00
183,7.00
186,7.10
189,7.10
192,7.00
195,7.10
198,7.00
201,7.00
204,7.00
207,7.00
210,7.00
213,7.00
216,7.00
219,7.00
222,7.00
225,7.00
228,7.00
231,7.10
234,7.00
237,7.00
240,7.00
243,7.10
246,7.00
249,7.00
252,7.00
255,7.00
258,7.00
261,7.10
264,7.00
267,7.00
270,7.00
273,7.00
276,7.00
279,7.00
282,7.10
285,7.00
288,7.10
291,7.00
294,7.00
297,7.10
300,7.00
303,7.00
306,7.00
309,7.00
312,7.00
315,7.00
318,7.00
321,7.00
324,7.00
327,7.00
330,7.00
333,7.10
336,7.00
339,7.00
342,7.00
345,7.00
348,7.00
351,7.00
354,7.00
357,7.00
360,7.00
363,7.00
366,7.00
369,7.00
372,7.00
375,7.00
378,7.00
381,7.10
384,7.10
387,7.00
390,7.00
393,7.00
396,7.00
399,7.00
402,7.00
405,7.00
408,7.10
411,7.10
414,7.00
417,7.00
420,7.10
423,7.00
426,7.10
429,7.00
432,7.00
435,7.00
438,7.00
441,7.00
444,7.00
447,7.00
450,7.10
453,7.10
456,7.00
459,7.00
462,7.10
465,7.00
468,7.00
471,7.00
474,7.00
477,7.10
480,7.00
483,7.00
486,7.00
489,7.00
492,7.10
495,7.00
498,7.00
501,7.00
504,7.10
507,7.00
510,7.00
513,7.00
516,7.00
519,7.00
522,7.00
525,7.00
528,7.00
531,7.10
534,7.00
537,7.00
540,7.10
543,7.00
546,7.00
549,7.00
552,7.00
555,7.10
558,7.00
561,7.00
564,7.00
567,7.00
570,7.00
573,7.00
576,7.00
579,7.00
582,7.00
585,7.10
588,7.00
591,7.00
594,7.00
597,7.00
600,7.10
603,7.00
606,7.00
609,7.10
612,7.10
615,7.00
618,7.00
621,7.10
624,7.00
627,7.00
630,7.10
633,7.00
636,7.00
639,7.00
642,7.00
645,7.00
648,7.00
651,7.00
654,7.10
657,7.00
660,7.00
663,7.00
666,7.00
669,7.00
672,7.00
675,7.00
678,7.00
681,7.00
684,7.00
687,7.10
690,7.00
693,7.00
696,7.00
699,7.00
702,7.00
705,7.00
708,7.00
711,7.10
714,7.00
717,7.00
720,7.00
723,7.00
726,7.10
729,7.00
732,7.10
735,7.00
738,7.00
741,7.00
744,7.00
747,7.00
750,7.00
753,7.00
756,7.00
759,7.10
762,7.00
765,7.00
768,7.10
771,7.00
774,7.00
777,7.00
780,7.00
783,7.00
786,7.00
789,7.10
792,7.00
795,7.00
798,7.00
801,7.00
804,7.00
807,7.00
810,7.10
813,7.00
816,7.00
819,7.00
822,7.00
825,7.00
828,7.00
831,7.00
834,7.00
837,7.00
840,7.00
843,7.10
846,7.00
849,7.00
852,7.00
855,7.00
858,7.00
861,7.00
864,7.00
867,7.00
870,7.00
873,7.00
876,7.00
879,7.10
882,7.00
885,7.00
888,7.00
891,7.00
894,7.00
897,7.00
900,7.00
903,7.00
906,7.10
909,7.00
912,7.00
915,7.00
918,7.00
921,7.00
924,7.00
927,7.00
930,7.00
933,7.10
936,7.00
939,7.10
942,7.00
945,7.00
948,7.00
951,7.00
954,7.00
957,7.00
960,7.00
963,7.00
966,7.00
969,7.00
972,7.00
975,7.10
978,7.00
981,7.00
984,7.00
987,7.00
990,7.00
993,7.00
996,7.00
999,7.00
1002,7.00
1005,7.10
1008,7.00
1011,7.00
1014,7.00
1017,7.00
1020,7.00
1023,7.00
1026,7.10
1029,7.10
1032,7.00
1035,7.00
1038,7.10
1041,7.00
1044,7.00
1047,7.00
1050,7.00
1053,7.00
1056,7.00
1059,7.00
1062,7.00
1065,7.00
1068,7.10
1071,7.00
1074,7.00
1077,7.10
1080,7.10
1083,7.00
1086,7.00
1089,7.00
1092,7.00
1095,7.00
1098,7.00
1101,7.00
1104,7.00
1107,7.00
1110,7.00
1113,7.00
1116,7.10
1119,7.00
1122,7.00
1125,7.00
1128,7.00
1131,7.00
1134,7.00
1137,7.00
1140,7.00
1143,7.00
1146,7.00
1149,7.00
1152,7.10
1155,7.00
1158,7.00
1161,7.10
1164,7.00
1167,7.00
1170,7.00
1173,7.00
1176,7.00
1179,7.00
1182,7.00
1185,7.00
1188,7.00
1191,7.00
1194,7.00
1197,7.10
1200,7.00
1203,7.10
1206,7.00
1209,7.00
1212,7.00
1215,7.00
1218,7.00
1221,7.00
1224,7.00
1227,7.00
1230,7.00
1233,7.10
1236,7.00
1239,7.00
1242,7.00
1245,7.00
1248,7.00
1251,7.00
1254,7.00
1257,7.00
1260,7.00
1263,7.00
1266,7.00
1269,7.00
1272,7.00
1275,7.00
1278,7.00
1281,7.00
1284,7.00
1287,7.00
1290,7.00
1293,7.00
1296,7.00
1299,7.10
1302,7.10
1305,7.00
1308,7.00
1311,7.00
1314,7.00
1317,7.00
1320,7.00
1323,7.00
1326,7.00
1329,7.00
1332,7.00
1335,7.00
1338,7.00
1341,7.00
1344,7.00
1347,7.00
1350,7.00
1353,7.00
1356,7.00
1359,7.00
1362,7.10
1365,7.00
1368,7.00
1371,7.00
1374,7.00
1377,7.10
1380,7.00
1383,7.00
1386,7.00
1389,7.00
1392,7.00
1395,7.00
1398,7.00
1401,7.00
1404,7.00
1407,7.00
1410,7.00
1413,7.00
1416,7.00
1419,7.00
1422,7.10
1425,7.00
1428,7.00
1431,7.10
1434,7.00
1437,7.00
1440,7.00
1443,7.00
1446,7.00
1449,7.00
1452,7.00
1455,7.00
1458,7.00
1461,7.00
1464,7.00
1467,7.10
1470,7.00
1473,7.00
1476,7.00
1479,7.00
1482,7.00
1485,7.00
1488,7.00
1491,7.00
1494,7.00
1497,7.00
1500,7.00
1503,7.00
1506,7.00
1509,7.00
1512,7.00
1515,7.00
1518,7.00
1521,7.00
1524,7.00
1527,7.00
1530,7.00
1533,7.00
1536,7.00
1539,7.10
1542,7.00
1545,7.00
1548,7.00
1551,7.00
1554,7.10
1557,7.00
1560,7.00
1563,7.00
1566,7.00
1569,7.10
1572,7.00
1575,7.00
1578,7.00
1581,7.10
1584,7.00
1587,7.00
1590,7.00
1593,7.00
1596,7.00
1599,7.00
1602,7.00
1605,7.00
1608,7.10
1611,7.00
1614,7.00
1617,7.00
1620,7.00
1623,7.00
1626,7.10
1629,7.00
1632,7.00
1635,7.10
1638,6.90
1641,7.00
1644,7.00
1647,7.10
1650,7.00
1653,7.00
1656,7.00
1659,7.00
1662,7.00
1665,7.00
1668,7.00
1671,7.00
1674,7.00
1677,7.00
1680,7.00
1683,7.00
1686,7.10
1689,7.00
1692,7.10
1695,7.00
1698,7.00
1701,7.00
1704,7.00
1707,7.00
1710,7.00
1713,7.00
1716,7.00
1719,7.00
1722,7.00
1725,7.00
1728,7.00
1731,7.00
1734,7.00
1737,7.00
1740,7.00
1743,7.10
1746,7.00
1749,7.10
1752,7.10
1755,7.00
1758,7.00
1761,7.10
1764,7.00
1767,7.00
1770,7.00
1773,7.00
1776,7.00
1779,7.00
1782,7.00
1785,7.00
1788,7.10
1791,7.00
1794,7.10
1797,7.00
1800,7.00
1803,7.00
1806,7.00
1809,7.00
1812,7.00
1815,7.10
1818,7.10
1821,7.00
1824,7.00
1827,7.00
1830,7.00
1833,7.00
1836,7.00
1839,7.00
1842,7.00
1845,7.10
1848,7.00
1851,7.10
1854,7.00
1857,7.10
1860,7.00
1863,7.00
1866,7.10
1869,7.00
1872,7.00
1875,7.00
1878,7.00
1881,7.10
1884,7.00
1887,7.00
1890,7.00
1893,7.00
1896,7.00
1899,7.00
1902,7.00
1905,7.00
1908,7.10
1911,7.00
1914,7.00
1917,7.00
1920,7.00
1923,7.00
1926,7.00
1929,7.00
1932,7.00
1935,7.00
1938,7.00
1941,7.00
1944,7.00
1947,7.00
1950,7.10
1953,7.00
1956,7.00
1959,7.10
1962,7.00
1965,7.00
1968,7.00
1971,7.00
1974,7.00
1977,7.00
1980,7.00
1983,7.00
1986,7.00
1989,7.00
1992,7.10
1995,7.00
1998,7.00
2001,7.00
2004,7.00
2007,7.00
2010,7.00
2013,7.10
2016,7.00
2019,7.10
2022,7.00
2025,7.00
2028,7.10
2031,7.00
2034,7.00
2037,7.00
2040,7.00
2043,7.00
2046,7.00
2049,7.00
2052,7.00
2055,7.00
2058,7.10
2061,7.00
2064,7.10
2067,7.00
2070,7.10
2073,7.00
2076,7.00
2079,7.00
2082,7.00
2085,7.00
2088,7.00
2091,7.10
2094,7.00
2097,7.00
2100,7.00
2103,7.10
2106,7.00
2109,7.10
2112,7.00
2115,7.00
2118,7.00
2121,7.00
2124,7.10
2127,7.00
2130,7.00
2133,7.00
2136,7.00
2139,7.00
2142,7.10
2145,7.00
2148,7.00
2151,7.00
2154,7.00
2157,7.00
2160,7.00
2163,7.00
2166,7.00
2169,7.10
2172,7.00
2175,7.10
2178,7.00
2181,7.00
2184,7.10
2187,7.00
2190,7.10
2193,7.00
2196,7.00
2199,7.00
2202,7.00
2205,7.00
2208,7.00
2211,7.10
2214,7.00
2217,7.00
2220,7.00
2223,7.00
2226,7.00
2229,7.00
2232,7.00
2235,7.00
2238,7.10
2241,7.00
2244,7.10
2247,7.00
2250,7.00
2253,7.00
2256,7.00
2259,7.10
2262,7.00
2265,7.00
2268,7.00
2271,7.00
2274,7.10
2277,7.00
2280,7.10
2283,7.00
2286,7.00
2289,7.00
2292,7.00
2295,7.00
2298,7.00
2301,7.00
2304,7.00
2307,7.00
2310,7.00
2313,7.10
2316,7.00
2319,7.10
2322,7.00
2325,7.00
2328,7.00
2331,7.00
2334,7.10
2337,7.00
2340,7.00
2343,7.00
2346,7.00
2349,7.00
2352,7.00
2355,7.00
2358,7.00
2361,7.00
2364,7.00
2367,7.00
2370,7.00
2373,7.00
2376,7.00
2379,7.00
2382,7.00
2385,7.10
2388,7.00
2391,7.00
2394,7.00
2397,7.00
2400,7.00
2403,7.00
2406,7.00
2409,7.00
2412,7.00
2415,7.00
2418,7.00
2421,7.10
2424,7.00
2427,7.00
2430,7.00
2433,7.00
2436,7.10
2439,7.00
2442,7.00
2445,7.00
2448,7.00
2451,7.00
2454,7.10
2457,7.10
2460,7.00
2463,7.00
2466,7.00
2469,7.10
2472,7.00
2475,7.00
2478,7.00
2481,7.00
2484,7.00
2487,7.00
2490,7.00
2493,7.00
2496,7.10
2499,7.10
2502,7.00
2505,7.10
2508,7.00
2511,7.10
2514,7.10
2517,7.10
2520,7.00
2523,7.00
2526,7.00
2529,7.00
2532,7.00
2535,7.00
2538,7.10
2541,7.10
2544,7.00
2547,7.00
2550,7.00
2553,7.00
2556,7.00
2559,7.00
2562,7.00
2565,6.90
2568,7.00
2571,7.10
2574,7.00
2577,7.00
2580,7.00
2583,7.00
2586,7.00
2589,7.00
2592,7.00
2595,7.00
2598,7.00
2601,7.00
2604,7.00
2607,7.00
2610,7.00
2613,7.10
2616,7.00
2619,7.00
2622,7.00
2625,7.00
2628,7.00
2631,7.00
2634,7.10
2637,7.10
2640,7.00
2643,7.00
2646,7.00
2649,7.00
2652,7.00
2655,7.00
2658,7.00
2661,7.00
2664,7.00
2667,7.00
2670,7.00
2673,7.00
2676,7.00
2679,7.00
2682,7.00
2685,7.00
2688,7.10
2691,7.00
2694,7.00
2697,7.00
2700,7.00
2703,6.90
2706,7.10
2709,7.00
2712,7.00
2715,7.10
2718,7.00
2721,7.00
2724,7.00
2727,7.00
2730,7.00
2733,7.00
2736,7.00
2739,7.10
2742,7.00
2745,7.00
2748,7.00
2751,7.00
2754,7.00
2757,7.00
2760,7.00
2763,7.00
2766,7.00
2769,7.00
2772,7.10
2775,7.00
2778,7.00
2781,7.00
2784,7.00
2787,7.10
2790,7.00
2793,7.00
2796,7.10
2799,7.10
2802,7.00
2805,7.10
2808,7.10
2811,7.00
2814,7.00
2817,7.10
2820,12.90
2823,27.60
2826,27.60
2829,27.50
2832,27.50
2835,27.50
2838,27.50
2841,27.50
2844,27.50
2847,27.50
2850,27.50
2853,27.50
2856,27.50
2859,30.40
2862,32.70
2865,39.20
2868,39.10
2871,44.00
2874,44.00
2877,43.90
2880,44.00
2883,44.00
2886,44.00
2889,44.00
2892,39.30
2895,39.10
2898,41.00
2901,41.00
2904,41.00
2907,41.00
2910,41.00
2913,41.00
2916,41.10
2919,41.00
2922,41.00
2925,41.00
2928,40.00
2931,39.20
2934,39.20
2937,39.20
2940,39.20
2943,39.10
2946,39.10
2949,39.20
2952,40.10
2955,15.90
2958,15.90
2961,18.60
2964,39.20
2967,180.80
2970,227.00
2973,218.90
2976,171.50
2979,76.60
2982,76.60
2985,76.60
2988,76.20
2991,141.40
2994,73.00
2997,73.70
3000,74.10
3003,73.80
3006,73.30
3009,74.00
3012,72.10
3015,73.40
3018,73.30
3021,73.60
3024,73.30
3027,73.20
3030,73.40
3033,72.90
3036,73.30
3039,73.30
3042,73.70
3045,74.00
3048,73.50
3051,73.80
3054,74.00
3057,73.80
3060,74.10
3063,73.70
3066,73.10
3069,73.30
3072,72.80
3075,73.90
3078,73.80
3081,74.10
3084,73.20
3087,74.00
3090,74.10
3093,21.30
3096,7.00
3099,7.10
3102,7.00
3105,7.10
3108,7.00
3111,7.00
3114,7.00
3117,7.00
3120,7.00
3123,7.00
3126,7.10
3129,7.00
3132,7.00
3135,7.00
3138,7.10
3141,7.00
3144,7.00
3147,7.00
3150,7.00
3153,7.10
3156,7.10
3159,7.00
3162,7.00
3165,7.00
3168,7.00
3171,7.10
3174,6.90
3177,7.00
3180,7.00
3183,7.00
3186,7.00
3189,7.10
3192,7.00
3195,7.00
3198,7.10
3201,7.00
3204,7.10
3207,7.00
3210,7.10
3213,7.00
3216,7.00
3219,7.10
3222,7.00
3225,7.00
3228,7.00
3231,7.00
3234,7.00
3237,7.10
3240,7.00
3243,7.10
3246,7.00
3249,7.10
3252,7.00
3255,7.00
3258,7.00
3261,7.00
3264,7.00
3267,7.00
3270,7.00
3273,7.00
3276,7.00
3279,7.10
3282,7.00
3285,7.00
3288,7.00
3291,7.00
3294,7.00
3297,7.10
3300,7.00
3303,7.00
3306,7.00
3309,7.00
3312,7.00
3315,7.00
3318,7.10
3321,7.10
3324,7.10
3327,7.00
3330,7.00
3333,7.00
3336,7.00
3339,7.00
3342,7.00
3345,7.00
3348,7.00
3351,7.00
3354,7.00
3357,7.00
3360,7.00
3363,7.00
3366,7.00
3369,7.00
3372,7.00
3375,7.00
3378,7.10
3381,7.10
3384,7.00
3387,7.00
3390,7.10
3393,7.00
3396,7.00
3399,7.00
3402,7.00
3405,7.00
3408,7.10
3411,7.00
3414,7.00
3417,7.00
3420,7.10
3423,7.00
3426,7.00
3429,7.00
3432,7.00
3435,7.00
3438,7.00
3441,7.00
3444,7.00
3447,7.10
3450,7.00
3453,7.00
3456,7.00
3459,7.00
3462,7.10
3465,7.00
3468,7.10
3471,7.00
3474,7.00
3477,7.10
3480,7.00
3483,7.00
3486,7.00
3489,7.00
3492,7.00
3495,7.00
3498,7.00
3501,7.00
3504,7.10
3507,7.00
3510,7.10
3513,7.00
3516,7.00
3519,7.10
3522,7.00
3525,7.00
3528,7.10
3531,7.00
3534,7.00
3537,7.00
3540,7.00
3543,7.00
3546,7.10
3549,7.00
3552,7.10
3555,7.00
3558,7.00
3561,7.00
3564,7.00
3567,7.00
3570,7.00
3573,7.00
3576,7.00
3579,7.00
3582,7.00
3585,7.10
3588,7.00
3591,7.00
3594,7.00
3597,7.00
3600,7.00
3603,7.10
3606,7.00
3609,7.00
3612,7.00
3615,7.00
3618,7.00
3621,7.00
3624,7.00
3627,7.10
3630,7.00
3633,7.00
3636,7.00
3639,7.00
3642,7.00
3645,7.10
3648,7.00
3651,7.00
3654,7.00
3657,7.00
3660,7.00
3663,7.00
3666,7.00
3669,7.00
3672,7.00
3675,7.00
3678,7.10
3681,7.00
3684,7.00
3687,7.00
3690,7.00
3693,7.00
3696,7.10
3699,7.00
3702,7.00
3705,7.00
3708,7.00
3711,7.00
3714,7.00
3717,7.00
3720,7.00
3723,7.00
3726,7.00
3729,7.00
3732,7.00
3735,7.00
3738,7.00
3741,7.00
3744,7.00
3747,7.00
3750,7.10
3753,7.00
3756,7.00
3759,7.00
3762,7.00
3765,7.00
3768,7.00
3771,7.00
3774,7.00
3777,7.00
3780,7.00
3783,7.00
3786,7.00
3789,7.10
3792,7.00
3795,7.00
3798,7.10
3801,7.00
3804,7.10
3807,7.00
3810,7.00
3813,7.00
3816,7.10
3819,7.00
3822,7.00
3825,7.10
3828,7.00
3831,7.00
3834,7.00
3837,7.00
3840,7.00
3843,7.00
3846,7.00
3849,7.00
3852,7.00
3855,7.00
3858,7.00
3861,7.00
3864,7.00
3867,7.00
3870,7.10
3873,7.00
3876,7.00
3879,7.10
3882,7.10
3885,7.00
3888,7.10
3891,7.00
3894,7.00
3897,7.10
3900,7.00
3903,7.00
3906,7.00
3909,7.10
3912,7.00
3915,7.10
3918,7.00
3921,7.00
3924,7.00
3927,7.00
3930,7.10
3933,7.00
3936,7.00
3939,7.00
3942,7.10
3945,7.00
3948,7.10
3951,7.00
3954,7.00
3957,7.00
3960,7.00
3963,7.00
3966,7.10
3969,7.10
3972,7.00
3975,7.00
3978,7.00
3981,7.00
3984,7.00
3987,7.00
3990,7.00
3993,7.00
3996,7.00
3999,7.00
4002,7.00
4005,7.00
4008,7.00
4011,7.00
4014,7.00
4017,7.00
4020,7.10
4023,7.00
4026,7.10
4029,7.10
4032,7.00
4035,7.10
4038,7.00
4041,7.00
4044,7.00
4047,7.00
4050,7.00
4053,7.00
4056,7.10
4059,7.00
4062,7.00
4065,7.00
4068,7.00
4071,7.10
4074,7.00
4077,7.00
4080,7.00
4083,7.00
4086,7.00
4089,7.00
4092,7.00
4095,7.00
4098,7.00
4101,7.00
4104,7.10
4107,7.00
4110,7.00
4113,7.00
4116,7.00
4119,7.00
4122,7.00
4125,7.00
4128,7.10
4131,7.00
4134,7.10
4137,7.00
4140,7.00
4143,7.00
4146,7.00
4149,7.00
4152,7.00
4155,7.00
4158,7.10
4161,7.00
4164,7.00
4167,7.00
4170,7.00
4173,7.00
4176,7.00
4179,7.10
4182,7.00
4185,7.10
4188,7.00
4191,7.00
4194,7.00
4197,7.00
4200,7.00
4203,7.00
4206,7.10
4209,7.00
4212,7.00
4215,7.00
4218,7.00
4221,7.00
4224,7.00
4227,7.00
4230,7.00
4233,7.00
4236,7.00
4239,7.00
4242,7.00
4245,7.00
4248,7.10
4251,7.00
4254,7.00
4257,7.00
4260,7.00
4263,7.00
4266,7.00
4269,7.00
4272,7.00
4275,7.00
4278,7.00
4281,7.00
4284,7.00
4287,7.00
4290,7.00
4293,7.10
4296,7.10
4299,7.00
4302,7.00
4305,7.00
4308,7.00
4311,7.00
4314,7.10
4317,7.00
4320,7.00
4323,7.00
4326,7.00
4329,7.00
4332,7.00
4335,7.00
4338,7.00
4341,7.00
4344,7.00
4347,7.00
4350,7.00
4353,7.10
4356,7.00
4359,7.00
4362,7.00
4365,7.00
4368,7.00
4371,7.00
4374,7.00
4377,7.00
4380,7.00
4383,7.10
4386,7.00
4389,7.10
4392,7.00
4395,7.00
4398,7.00
4401,7.00
4404,7.00
4407,7.10
4410,7.00
4413,7.00
4416,7.10
4419,7.00
4422,7.10
4425,7.00
4428,7.00
4431,7.00
4434,7.00
4437,7.00
4440,7.00
4443,7.00
4446,7.00
4449,7.00
4452,7.00
4455,7.00
4458,7.00
4461,7.00
4464,7.00
4467,7.00
4470,7.00
4473,7.00
4476,7.00
4479,7.00
4482,7.00
4485,7.00
4488,7.00
4491,7.00
4494,7.00
4497,7.00
4500,7.00
4503,7.00
4506,7.00
4509,7.00
4512,7.00
4515,7.00
4518,7.00
4521,7.10
4524,7.00
4527,7.00
4530,7.00
4533,7.00
4536,7.10
4539,7.00
4542,7.10
4545,7.00
4548,7.00
4551,7.00
4554,7.00
4557,7.00
4560,7.00
4563,7.00
4566,7.00
4569,7.10
4572,7.00
4575,7.00
4578,7.00
4581,7.00
4584,7.00
4587,7.00
4590,7.00
4593,7.10
4596,7.00
4599,7.10
4602,7.00
4605,7.00
4608,7.00
4611,7.00
4614,7.00
4617,7.00
4620,7.00
4623,7.00
4626,7.00
4629,7.00
4632,7.00
4635,7.10
4638,7.10
4641,7.00
4644,7.00
4647,7.00
4650,7.00
4653,7.00
4656,7.00
4659,7.00
4662,7.00
4665,7.00
4668,7.00
4671,7.00
4674,7.00
4677,7.10
4680,7.00
4683,7.00
4686,7.00
4689,7.00
4692,7.00
4695,7.00
4698,7.00
4701,7.10
4704,7.00
4707,7.00
4710,7.00
4713,7.00
4716,7.00
4719,7.00
4722,7.00
4725,7.00
4728,7.00
4731,7.00
4734,7.10
4737,7.00
4740,7.00
4743,7.00
4746,7.10
4749,7.00
4752,7.00
4755,7.00
4758,7.00
4761,7.00
4764,7.00
4767,7.00
4770,7.00
4773,7.00
4776,7.00
4779,7.00
4782,7.10
4785,7.00
4788,7.00
4791,7.00
4794,7.00
4797,7.00
4800,7.00
4803,7.10
4806,7.00
4809,7.00
4812,7.10
4815,7.00
4818,7.10
4821,7.00
4824,7.00
4827,7.00
4830,7.00
4833,7.00
4836,7.10
4839,7.10
4842,7.00
4845,7.00
4848,7.00
4851,7.00
4854,7.00
4857,7.00
4860,7.00
4863,7.00
4866,7.00
4869,7.00
4872,7.10
4875,7.00
4878,7.10
4881,7.00
4884,7.10
4887,7.00
4890,7.10
4893,7.00
4896,7.10
4899,7.00
4902,7.00
4905,7.00
4908,7.00
4911,7.00
4914,7.00
4917,7.00
4920,7.00
4923,7.00
4926,7.00
4929,7.00
4932,7.00
4935,7.00
4938,7.00
4941,7.00
4944,7.00
4947,7.00
4950,7.10
4953,7.00
4956,7.00
4959,7.00
4962,7.00
4965,7.10
4968,7.00
4971,7.10
4974,7.00
4977,7.00
4980,7.00
4983,7.00
4986,7.00
4989,7.10
4992,7.00
4995,7.00
4998,7.00
5001,7.10
5004,7.00
5007,7.00
5010,7.00
5013,7.10
5016,7.00
5019,7.10
5022,7.10
5025,7.00
5028,7.00
5031,7.00
5034,7.00
5037,7.00
5040,7.00
5043,7.00
5046,7.00
5049,7.00
5052,7.00
5055,7.00
5058,7.00
5061,7.10
5064,7.00
5067,7.10
5070,7.00
5073,7.00
5076,7.00
5079,7.00
5082,7.00
5085,7.10
5088,7.00
5091,7.00
5094,7.00
5097,7.00
5100,7.00
5103,7.00
5106,7.00
5109,7.10
5112,7.00
5115,7.00
5118,7.00
5121,7.00
5124,7.00
5127,7.00
5130,7.00
5133,7.10
5136,7.10
5139,7.00
5142,7.10
5145,7.00
5148,7.00
5151,7.10
5154,7.00
5157,7.00
5160,7.00
5163,7.00
5166,7.00
5169,7.00
5172,7.00
5175,7.00
5178,7.00
5181,7.00
5184,7.10
5187,7.10
5190,7.00
5193,7.10
5196,7.00
5199,7.00
5202,7.00
5205,7.00
5208,7.10
5211,7.00
5214,7.00
5217,7.00
5220,7.00
5223,7.00
5226,7.00
5229,7.00
5232,7.00
5235,7.00
5238,7.00
5241,7.00
5244,7.00
5247,7.00
5250,7.00
5253,7.10
5256,7.00
5259,7.00
5262,7.10
5265,7.00
5268,7.10
5271,7.10
5274,7.00
5277,7.00
5280,7.00
5283,7.00
5286,7.10
5289,7.10
5292,7.00
5295,7.00
5298,7.00
5301,7.00
5304,7.00
5307,7.00
5310,7.00
5313,7.10
5316,7.00
5319,7.00
5322,7.00
5325,7.00
5328,7.10
5331,7.00
5334,7.10
5337,7.00
5340,7.00
5343,7.00
5346,7.00
5349,7.00
5352,7.00
5355,7.00
5358,7.00
5361,7.00
5364,7.00
5367,7.00
5370,7.10
5373,7.10
5376,7.00
5379,7.00
5382,7.00
5385,7.00
5388,7.10
5391,7.00
5394,7.00
5397,7.00
5400,7.00
5403,7.00
5406,7.00
5409,7.00
5412,7.00
5415,7.00
5418,7.00
5421,7.00
5424,7.10
5427,7.10
5430,7.00
5433,7.00
5436,7.00
5439,7.00
5442,7.00
5445,7.10
5448,7.00
5451,7.00
5454,7.00
5457,7.10
5460,7.10
5463,7.00
5466,7.00
5469,7.10
5472,7.00
5475,7.00
5478,7.10
5481,7.00
5484,7.00
5487,7.00
5490,7.00
5493,7.00
5496,7.00
5499,7.10
5502,7.00
5505,7.00
5508,7.00
5511,7.10
5514,7.00
5517,7.00
5520,7.00
5523,7.00
5526,7.00
5529,7.10
5532,7.00
5535,7.00
5538,7.10
5541,7.00
5544,7.00
5547,7.10
5550,7.00
5553,7.00
5556,7.00
5559,7.00
5562,7.00
5565,7.00
5568,7.00
5571,7.00
5574,7.00
5577,7.00
5580,7.00
5583,7.00
5586,7.00
5589,7.00
5592,7.10
5595,7.10
5598,7.00
5601,7.00
5604,7.00
5607,7.00
5610,7.00
5613,7.00
5616,7.00
5619,7.00
5622,7.00
5625,7.00
5628,7.00
5631,7.10
5634,7.00
5637,7.00
5640,7.00
5643,7.00
5646,7.10
5649,7.00
5652,7.00
5655,7.00
5658,7.00
5661,7.10
5664,7.00
5667,7.10
5670,7.00
5673,7.00
5676,7.00
5679,7.00
5682,7.10
5685,7.00
5688,7.00
5691,7.10
5694,7.00
5697,7.00
5700,7.00
5703,7.00
5706,7.00
5709,7.00
5712,7.00
5715,7.10
5718,7.00
5721,7.10
5724,7.00
5727,7.00
5730,7.00
5733,7.00
5736,7.00
5739,7.00
5742,7.00
5745,7.00
5748,7.00
5751,7.00
5754,7.00
5757,7.00
5760,7.00
5763,7.00
5766,7.00
5769,7.00
5772,7.00
5775,7.00
5778,7.00
5781,7.00
5784,7.00
5787,7.00
5790,7.00
5793,7.00
5796,7.00
5799,7.00
5802,7.10
5805,7.00
5808,7.00
5811,7.00
5814,7.00
5817,7.00
5820,7.00
5823,7.00
5826,7.00
5829,7.00
5832,7.00
5835,7.00
5838,7.00
5841,7.00
5844,7.10
5847,7.00
5850,7.00
5853,7.10
5856,7.00
5859,7.00
5862,7.00
5865,7.00
5868,7.00
5871,7.00
5874,7.00
5877,7.00
5880,7.00
5883,7.00
5886,7.10
5889,7.00
5892,7.00
5895,7.00
5898,7.00
5901,7.10
5904,7.00
5907,7.00
5910,7.00
5913,7.00
5916,7.00
5919,7.00
5922,7.00
5925,7.10
5928,7.00
5931,7.00
5934,7.00
5937,7.00
5940,7.10
5943,7.00
5946,7.00
5949,7.00
5952,7.00
5955,7.00
5958,7.00
5961,7.00
5964,7.00
5967,7.00
5970,7.00
5973,7.00
5976,7.00
5979,7.00
5982,7.00
5985,7.00
5988,7.00
5991,7.00
5994,7.00
5997,7.00
6000,7.00
6003,7.10
6006,7.00
6009,7.00
6012,7.00
6015,7.00
6018,7.00
6021,7.00
6024,7.00
6027,7.00
6030,7.00
6033,7.00
6036,7.00
6039,7.00
6042,7.00
6045,7.00
6048,7.00
6051,7.00
6054,7.00
6057,7.00
6060,7.10
6063,7.00
6066,7.10
6069,7.00
6072,7.10
6075,7.10
6078,7.00
6081,7.00
6084,7.00
6087,7.00
6090,7.10
6093,7.10
6096,7.00
6099,7.00
6102,7.00
6105,7.00
6108,7.10
6111,7.00
6114,7.00
6117,7.10
6120,7.00
6123,7.00
6126,7.00
6129,7.00
6132,7.00
6135,7.00
6138,7.00
6141,7.00
6144,7.10
6147,7.00
6150,7.00
6153,7.00
6156,7.00
6159,7.00
6162,7.00
6165,7.10
6168,7.00
6171,7.10
6174,7.00
6177,7.00
6180,7.00
6183,7.00
6186,7.00
6189,7.10
6192,7.10
6195,7.00
6198,7.00
6201,7.00
6204,7.00
6207,7.00
6210,7.00
6213,7.00
6216,7.00
6219,7.00
6222,7.10
6225,7.00
6228,7.00
6231,7.00
6234,7.10
6237,7.00
6240,7.00
6243,7.00
6246,7.00
6249,7.10
6252,7.00
6255,7.10
6258,7.00
6261,7.00
6264,7.00
6267,7.00
6270,7.00
6273,7.00
6276,7.00
6279,7.00
6282,7.10
6285,7.00
6288,7.00
6291,7.00
6294,7.00
6297,7.10
6300,7.00
6303,7.00
6306,7.00
6309,7.00
6312,7.00
6315,7.10
6318,7.00
6321,7.00
6324,7.00
6327,7.00
6330,7.00
6333,7.00
6336,7.00
6339,7.00
6342,7.00
6345,7.00
6348,7.00
6351,7.00
6354,7.10
6357,7.00
6360,7.00
6363,7.00
6366,7.00
6369,7.10
6372,7.10
6375,7.00
6378,7.00
6381,7.00
6384,7.00
6387,7.00
6390,7.00
6393,7.00
6396,7.00
6399,7.00
6402,7.10
6405,7.00
6408,7.00
6411,7.10
6414,7.00
6417,7.00
6420,7.00
6423,7.00
6426,7.00
6429,7.00
6432,7.00
6435,7.00
6438,7.10
6441,7.10
6444,7.00
6447,7.10
6450,7.00
6453,7.00
6456,7.10
6459,7.00
6462,7.10
6465,7.00
6468,7.10
6471,7.10
6474,7.00
6477,7.00
6480,7.00
6483,7.00
6486,7.00
6489,7.00
6492,7.00
6495,7.00
6498,7.00
6501,7.00
6504,7.10
6507,7.00
6510,7.00
6513,7.10
6516,7.00
6519,7.00
6522,7.00
6525,7.00
6528,7.10
6531,7.10
6534,7.00
6537,7.10
6540,7.00
6543,7.00
6546,7.00
6549,7.10
6552,7.10
6555,7.00
6558,7.00
6561,7.10
6564,7.00
6567,7.00
6570,7.00
6573,7.00
6576,7.00
6579,7.00
6582,7.00
6585,7.00
6588,7.00
6591,7.10
6594,7.00
6597,7.00
6600,7.10
6603,7.00
6606,7.10
6609,7.00
6612,7.00
6615,7.00
6618,7.00
6621,7.00
6624,7.00
6627,7.10
6630,7.00
6633,7.00
6636,7.00
6639,7.00
6642,7.00
6645,7.00
6648,7.10
6651,7.00
6654,7.00
6657,7.00
6660,7.00
6663,7.00
6666,7.10
6669,7.10
6672,6.90
6675,7.10
6678,7.00
6681,7.00
6684,7.00
6687,7.00
6690,7.10
6693,7.00
6696,7.00
6699,7.00
6702,7.00
6705,7.10
6708,7.00
6711,7.00
6714,7.00
6717,7.00
6720,7.00
6723,7.00
6726,7.10
6729,7.00
6732,7.00
6735,7.00
6738,7.00
6741,7.10
6744,7.00
6747,7.00
6750,7.00
6753,7.00
6756,7.00
6759,7.00
6762,7.00
6765,7.00
6768,7.00
6771,7.00
6774,7.10
6777,7.10
6780,7.00
6783,7.00
6786,7.00
6789,7.00
6792,7.00
6795,7.00
6798,7.00
6801,7.00
6804,7.00
6807,7.00
6810,7.00
6813,7.00
6816,7.10
6819,7.00
6822,7.00
6825,7.00
6828,7.00
6831,7.00
6834,7.00
6837,7.00
6840,7.10
6843,7.00
6846,7.10
6849,7.00
6852,7.00
6855,7.00
6858,7.10
6861,7.00
6864,7.00
6867,7.00
6870,7.00
6873,7.00
6876,7.10
6879,7.00
6882,7.00
6885,7.00
6888,7.00
6891,7.00
6894,7.00
6897,7.00
6900,7.00
6903,7.10
6906,7.00
6909,7.00
6912,7.00
6915,7.00
6918,7.00
6921,7.00
6924,7.00
6927,7.10
6930,7.00
6933,7.00
6936,7.00
6939,7.00
6942,7.00
6945,7.00
6948,7.00
6951,7.10
6954,7.00
6957,7.00
6960,7.00
6963,7.10
6966,7.00
6969,7.00
6972,7.00
6975,7.00
6978,7.00
6981,7.00
6984,7.00
6987,7.00
6990,7.00
6993,7.00
6996,7.00
6999,7.00
7002,7.00
7005,7.00
7008,7.00
7011,7.00
7014,7.00
7017,7.00
7020,7.00
7023,7.00
7026,7.10
7029,7.00
7032,7.00
7035,7.00
7038,7.00
7041,7.00
7044,7.00
7047,7.00
7050,7.00
7053,7.00
7056,7.00
7059,7.00
7062,7.00
7065,7.00
7068,7.00
7071,7.00
7074,7.10
7077,7.00
7080,7.00
7083,7.10
7086,7.00
7089,7.00
7092,7.00
7095,7.00
7098,7.00
7101,7.00
7104,7.00
7107,7.00
7110,7.10
7113,7.10
7116,7.00
7119,7.00
7122,7.00
7125,7.00
7128,7.00
7131,7.00
7134,7.00
7137,7.00
7140,7.00
7143,7.00
7146,7.00
7149,7.10
7152,7.10
7155,7.00
7158,7.00
7161,7.00
7164,7.00
7167,7.00
7170,7.00
7173,7.00
7176,7.00
7179,7.00
7182,7.00
7185,7.00
7188,7.00
7191,7.00
7194,7.10
7197,7.00
7200,7.10
7203,7.00
7206,7.00
7209,7.00
7212,7.00
7215,7.00
7218,7.00
7221,7.00
7224,7.00
7227,7.00
7230,7.00
7233,7.00
7236,7.00
7239,7.00
7242,7.00
7245,7.00
7248,7.10
7251,7.00
7254,7.00
7257,7.00
7260,7.10
7263,7.00
7266,7.00
7269,7.00
7272,7.10
7275,7.00
7278,7.00
7281,7.00
7284,7.00
7287,7.10
7290,7.10
7293,7.00
7296,7.00
7299,7.00
7302,7.00
7305,7.00
7308,7.10
7311,7.00
7314,7.00
7317,7.00
7320,7.00
7323,7.10
7326,7.00
7329,7.10
7332,7.10
7335,7.10
7338,7.00
7341,7.00
7344,7.10
7347,7.00
7350,7.10
7353,7.00
7356,7.00
7359,7.00
7362,7.00
7365,7.00
7368,7.00
7371,7.00
7374,7.10
7377,7.00
7380,7.00
7383,7.00
7386,7.10
7389,7.00
7392,7.00
7395,7.00
7398,7.00
7401,7.00
7404,7.00
7407,7.00
7410,7.00
7413,7.00
7416,7.00
7419,7.00
7422,7.00
7425,7.00
7428,7.00
7431,7.00
7434,7.00
7437,7.10
7440,7.00
7443,7.00
7446,7.00
7449,7.00
7452,7.00
7455,7.00
7458,7.10
7461,7.00
7464,7.00
7467,7.00
7470,7.10
7473,7.00
7476,7.00
7479,7.00
7482,7.00
7485,7.00
7488,7.00
7491,7.00
7494,7.00
7497,7.00
7500,7.00
7503,7.00
7506,7.00
7509,7.00
7512,7.00
7515,7.00
7518,7.00
7521,7.00
7524,7.00
7527,7.00
7530,7.00
7533,7.00
7536,7.00
7539,7.00
7542,7.10
7545,7.00
7548,7.00
7551,7.00
7554,7.00
7557,7.00
7560,7.00
7563,7.00
7566,7.00
7569,7.00
7572,7.00
7575,7.00
7578,7.00
7581,7.00
7584,7.00
7587,7.00
7590,7.00
7593,7.00
7596,7.00
7599,7.00
7602,7.00
7605,7.00
7608,7.00
7611,7.00
7614,7.00
7617,7.00
7620,7.00
7623,7.00
7626,7.00
7629,7.00
7632,7.00
7635,7.00
7638,7.00
7641,7.00
7644,7.00
7647,7.00
7650,7.10
7653,7.00
7656,7.00
7659,7.00
7662,7.00
7665,7.00
7668,7.00
7671,7.00
7674,7.00
7677,7.10
7680,7.10
7683,7.00
7686,7.10
7689,7.00
7692,7.00
7695,7.00
7698,7.00
7701,7.00
7704,7.00
7707,7.10
7710,7.00
7713,7.00
7716,7.00
7719,7.00
7722,7.00
7725,7.00
7728,7.00
7731,7.00
7734,7.00
7737,7.00
7740,7.00
7743,7.00
7746,7.00
7749,7.00
7752,7.00
7755,7.00
7758,7.00
7761,7.00
7764,7.00
7767,7.00
7770,7.00
7773,7.10
7776,7.00
7779,7.00
7782,7.00
7785,7.00
7788,7.00
7791,7.00
7794,7.00
7797,7.00
7800,7.00
7803,7.10
7806,7.10
7809,7.00
7812,7.00
7815,7.00
7818,7.00
7821,7.00
7824,7.00
7827,7.00
7830,7.00
7833,7.00
7836,7.00
7839,7.00
7842,7.00
7845,7.00
7848,7.00
7851,7.00
7854,7.00
7857,7.00
7860,7.00
7863,7.10
7866,7.10
7869,7.00
7872,7.00
7875,7.00
7878,7.00
7881,7.10
7884,7.00
7887,7.00
7890,7.00
7893,7.00
7896,7.00
7899,7.00
7902,7.00
7905,7.00
7908,7.00
7911,7.00
7914,7.00
7917,7.10
7920,7.00
7923,7.00
7926,7.00
7929,7.10
7932,7.00
7935,7.00
7938,7.00
7941,7.00
7944,7.10
7947,7.00
7950,7.00
7953,7.10
7956,7.00
7959,7.00
7962,7.10
7965,7.00
7968,6.90
7971,7.00
7974,7.10
7977,7.00
7980,7.00
7983,7.00
7986,7.10
7989,7.00
7992,7.00
7995,7.00
7998,7.00
8001,7.00
8004,7.00
8007,7.00
8010,7.00
8013,7.00
8016,7.00
8019,7.00
8022,7.00
8025,7.00
8028,13.00
8031,27.50
8034,27.50
8037,27.50
8040,27.40
8043,27.50
8046,27.50
8049,27.50
8052,27.50
8055,27.50
8058,27.50
8061,27.50
8064,27.50
8067,30.40
8070,38.80
8073,39.10
8076,39.60
8079,44.00
8082,43.90
8085,44.00
8088,44.20
8091,44.00
8094,43.90
8097,43.90
8100,39.20
8103,39.50
8106,41.00
8109,41.00
8112,41.00
8115,41.00
8118,41.00
8121,41.00
8124,41.00
8127,41.00
8130,41.00
8133,41.00
8136,39.10
8139,39.10
8142,39.20
8145,40.30
8148,39.10
8151,39.10
8154,39.20
8157,39.20
8160,40.20
8163,10.50
8166,10.50
8169,43.70
8172,41.60
8175,273.50
8178,332.60
8181,217.00
8184,232.20
8187,75.70
8190,78.50
8193,77.50
8196,77.80
8199,73.70
8202,74.50
8205,73.90
8208,74.20
8211,74.70
8214,73.70
8217,73.80
8220,73.90
8223,73.80
8226,73.80
8229,74.10
8232,73.90
8235,73.80
8238,73.90
8241,73.80
8244,74.20
8247,73.80
8250,73.60
8253,74.30
8256,74.20
8259,73.70
8262,74.50
8265,74.00
8268,74.30
8271,74.70
8274,74.60
8277,74.70
8280,74.60
8283,73.90
8286,73.60
8289,74.60
8292,73.60
8295,73.30
8298,18.10
8301,7.20
8304,7.10
8307,7.10
8310,7.00
8313,7.00
8316,7.10
8319,7.10
8322,7.00
8325,7.00
8328,7.00
8331,7.00
8334,7.10
8337,7.00
8340,7.10
8343,7.10
8346,7.00
8349,7.00
8352,7.00
8355,7.00
8358,7.00
8361,7.10
8364,7.00
8367,7.00
8370,7.00
8373,7.00
8376,7.00
8379,7.00
8382,7.10
8385,7.00
8388,7.00
8391,7.10
8394,7.00
8397,7.00
8400,7.00
8403,7.00
8406,7.00
8409,7.00
8412,7.10
8415,7.10
8418,7.00
8421,7.00
8424,7.00
8427,7.00
8430,7.00
8433,7.00
8436,7.00
8439,7.10
8442,7.10
8445,7.00
8448,7.00
8451,7.10
8454,7.00
8457,7.00
8460,7.10
8463,7.00
8466,7.00
8469,7.00
8472,7.00
8475,7.00
8478,7.00
8481,7.00
8484,7.00
8487,7.00
8490,7.00
8493,7.10
8496,7.10
8499,7.00
8502,7.00
8505,7.00
8508,7.00
8511,7.10
8514,7.00
8517,7.00
8520,7.00
8523,7.00
8526,7.00
8529,7.00
8532,7.00
8535,7.00
8538,7.00
8541,7.00
8544,7.00
8547,7.00
8550,7.00
8553,7.00
8556,7.10
8559,7.00
8562,7.00
8565,7.10
8568,7.00
8571,7.00
8574,7.00
8577,7.00
8580,7.00
8583,7.00
8586,7.00
8589,7.10
8592,7.00
8595,7.00
8598,7.00
8601,7.10
8604,7.00
8607,7.00
8610,7.00
8613,7.00
8616,7.00
8619,7.00
8622,7.00
8625,7.00
8628,7.00
8631,7.00
8634,7.10
8637,7.00
8640,7.00
8643,7.10
8646,7.00
8649,7.00
8652,7.10
8655,7.00
8658,7.00
8661,7.00
8664,7.00
8667,7.00
8670,7.00
8673,7.00
8676,7.00
8679,7.00
8682,7.10
8685,7.00
8688,7.10
8691,7.10
8694,7.00
8697,7.00
8700,7.10
8703,7.00
8706,7.00
8709,7.00
8712,7.00
8715,7.00
8718,7.10
8721,7.10
8724,7.00
8727,7.00
8730,7.00
8733,7.00
8736,7.00
8739,7.00
8742,7.10
8745,7.00
8748,7.00
8751,7.00
8754,7.00
8757,7.00
8760,7.00
8763,7.00
8766,7.00
8769,7.00
8772,7.00
8775,7.10
8778,7.10
8781,7.00
8784,7.00
8787,7.00
8790,7.00
8793,7.00
8796,7.10
8799,7.00
8802,7.00
8805,7.00
8808,7.00
8811,7.10
8814,7.00
8817,7.00
8820,7.00
8823,7.00
8826,7.00
8829,7.00
8832,7.10
8835,7.00
8838,7.00
8841,7.10
8844,7.10
8847,7.00
8850,7.10
8853,7.00
8856,7.00
8859,7.10
8862,7.10
8865,7.00
8868,7.00
8871,7.10
8874,7.00
8877,7.00
8880,7.00
8883,7.10
8886,7.00
8889,7.10
8892,7.00
8895,7.00
8898,7.00
8901,7.10
8904,7.00
8907,7.00
8910,7.00
8913,7.00
8916,7.00
8919,7.00
8922,7.00
8925,7.00
8928,7.00
8931,7.10
8934,7.00
8937,7.00
8940,7.00
8943,7.00
8946,7.10
8949,7.00
8952,7.00
8955,7.00
8958,7.00
8961,7.00
8964,7.00
8967,7.00
8970,7.00
8973,7.10
8976,7.00
8979,7.00
8982,7.10
8985,7.00
8988,7.00
8991,7.00
8994,7.00
8997,7.00
9000,7.10
9003,7.00
9006,7.00
9009,7.10
9012,7.10
9015,7.00
9018,7.00
9021,7.00
9024,7.00
9027,7.00
9030,7.00
9033,7.00
9036,7.00
9039,7.00
9042,7.00
9045,7.00
9048,7.00
9051,7.10
9054,7.10
9057,7.00
9060,7.00
9063,7.00
9066,7.00
9069,7.00
9072,7.00
9075,7.10
9078,7.00
9081,7.00
9084,7.00
9087,7.00
9090,7.00
9093,7.00
9096,7.00
9099,7.00
9102,7.00
9105,7.00
9108,7.00
9111,7.10
9114,7.10
9117,7.00
9120,7.00
9123,7.00
9126,7.00
9129,7.10
9132,7.00
9135,7.00
9138,7.00
9141,7.00
9144,7.10
9147,7.00
9150,7.10
9153,7.00
9156,7.00
9159,7.00
9162,7.00
9165,7.00
9168,7.00
9171,7.00
9174,7.00
9177,7.00
9180,7.00
9183,7.10
9186,6.90
9189,7.00
9192,7.00
9195,7.00
9198,7.00
9201,7.00
9204,7.00
9207,7.00
9210,7.00
9213,7.00
9216,7.00
9219,7.10
9222,7.00
9225,7.00
9228,7.00
9231,7.10
9234,7.00
9237,7.00
9240,7.00
9243,7.00
9246,7.00
9249,7.00
9252,7.00
9255,7.00
9258,7.00
9261,7.10
9264,7.00
9267,7.00
9270,7.00
9273,7.00
9276,7.00
9279,7.00
9282,7.10
9285,7.00
9288,7.00
9291,7.10
9294,7.00
9297,7.00
9300,7.00
9303,7.00
9306,7.10
9309,7.00
9312,7.00
9315,7.10
9318,7.00
9321,7.00
9324,7.00
9327,7.00
9330,7.10
9333,7.00
9336,7.00
9339,7.00
9342,7.10
9345,7.00
9348,7.00
9351,7.00
9354,7.00
9357,7.00
9360,7.00
9363,7.00
9366,7.10
9369,7.00
9372,7.00
9375,7.00
9378,7.00
9381,7.00
9384,7.00
9387,7.00
9390,7.00
9393,7.00
9396,7.00
9399,7.00
9402,7.00
9405,7.00
9408,7.00
9411,7.00
9414,7.00
9417,7.10
9420,7.00
9423,7.00
9426,6.90
9429,7.00
9432,7.00
9435,7.10
9438,7.00
9441,7.00
9444,7.00
9447,7.00
9450,7.10
9453,7.00
9456,7.10
9459,7.00
9462,7.00
9465,7.00
9468,7.00
9471,7.00
9474,7.00
9477,7.00
9480,7.10
9483,7.00
9486,7.10
9489,7.00
9492,7.00
9495,7.00
9498,7.10
9501,7.00
9504,7.00
9507,7.00
9510,7.00
9513,7.00
9516,7.00
9519,7.00
9522,6.90
9525,7.00
9528,7.00
9531,7.00
9534,7.00
9537,7.00
9540,7.10
9543,7.00
9546,7.00
9549,7.00
9552,7.00
9555,7.00
9558,7.00
9561,7.00
9564,7.00
9567,7.00
9570,7.00
9573,7.00
9576,7.10
9579,7.00
9582,7.00
9585,7.00
9588,7.00
9591,7.00
9594,7.10
9597,7.00
9600,7.10
9603,7.00
9606,7.00
9609,7.00
9612,7.00
9615,7.00
9618,7.10
9621,7.00
9624,7.00
9627,7.10
9630,7.00
9633,7.00
9636,7.10
9639,7.00
9642,7.00
9645,7.00
9648,7.10
9651,7.00
9654,7.00
9657,7.00
9660,7.00
9663,7.00
9666,7.00
9669,7.00
9672,7.00
9675,7.00
9678,7.00
9681,7.00
9684,7.00
9687,7.10
9690,7.00
9693,7.00
9696,7.00
9699,7.00
9702,7.00
9705,7.10
9708,7.00
9711,7.00
9714,7.00
9717,7.00
9720,7.00
9723,7.00
9726,7.00
9729,7.00
9732,7.00
9735,7.00
9738,7.00
9741,7.00
9744,7.10
9747,7.00
9750,7.00
9753,7.00
9756,7.00
9759,7.00
9762,7.00
9765,7.00
9768,7.00
9771,7.00
9774,7.00
9777,7.00
9780,7.00
9783,7.00
9786,7.00
9789,7.00
9792,7.00
9795,7.00
9798,7.10
9801,7.10
9804,7.00
9807,7.00
9810,7.00
9813,7.00
9816,7.00
9819,7.00
9822,7.00
9825,7.00
9828,7.00
9831,7.00
9834,7.00
9837,7.00
9840,7.00
9843,7.00
9846,7.00
9849,7.00
9852,7.10
9855,7.00
9858,7.10
9861,7.00
9864,7.00
9867,7.00
9870,7.10
9873,7.00
9876,7.00
9879,7.00
9882,7.00
9885,7.00
9888,7.10
9891,7.10
9894,7.00
9897,7.10
9900,7.00
9903,7.00
9906,7.00
9909,7.00
9912,7.00
9915,7.00
9918,7.00
9921,7.10
9924,7.00
9927,7.00
9930,7.00
9933,7.00
9936,7.10
9939,7.00
9942,7.00
9945,7.10
9948,7.00
9951,7.00
9954,7.00
9957,7.00
9960,7.00
9963,7.00
9966,7.00
9969,7.00
9972,7.00
9975,7.10
9978,7.00
9981,7.10
9984,7.00
9987,7.00
9990,7.00
9993,7.00
9996,7.00
9999,7.00
10002,7.00
10005,7.00
10008,7.00
10011,7.00
10014,7.00
10017,7.00
10020,7.00
10023,7.00
10026,7.10
10029,7.00
10032,7.00
10035,7.00
10038,7.10
10041,7.10
10044,7.00
10047,7.00
10050,7.00
10053,7.00
10056,7.00
10059,7.00
10062,7.00
10065,7.00
10068,7.00
10071,7.00
10074,7.00
10077,7.10
10080,7.00
10083,7.00
10086,7.10
10089,7.00
10092,7.00
10095,7.00
10098,7.00
10101,7.00
10104,7.00
10107,7.00
10110,7.00
10113,7.00
10116,7.10
10119,7.00
10122,7.00
10125,7.00
10128,7.00
10131,7.00
10134,7.00
10137,7.00
10140,7.00
10143,7.10
10146,7.00
10149,7.00
10152,7.00
10155,7.00
10158,7.00
10161,7.00
10164,7.00
10167,7.10
10170,7.00
10173,7.00
10176,7.00
10179,7.10
10182,7.10
10185,7.00
10188,7.00
10191,7.00
10194,7.00
10197,7.00
10200,7.00
10203,7.00
10206,7.00
10209,7.00
10212,7.00
10215,7.00
10218,7.00
10221,7.00
10224,7.00
10227,7.00
10230,7.00
10233,7.00
10236,7.10
10239,7.00
10242,7.00
10245,7.00
10248,7.00
10251,7.00
10254,7.00
10257,7.00
10260,7.00
10263,7.00
10266,7.10
10269,7.00
10272,7.00
10275,7.10
10278,7.00
10281,7.10
10284,7.00
10287,7.00
10290,7.00
10293,7.00
10296,7.00
10299,7.00
10302,7.00
10305,7.00
10308,7.00
10311,7.00
10314,7.00
10317,7.00
10320,7.00
10323,7.00
10326,7.00
10329,7.00
10332,7.10
10335,7.10
10338,7.00
10341,7.00
10344,7.00
10347,7.00
10350,7.00
10353,7.00
10356,7.00
10359,7.00
10362,7.00
10365,7.00
10368,7.00
10371,7.00
10374,7.00
10377,7.00
10380,7.00
10383,7.10
10386,7.00
10389,7.00
10392,7.00
10395,7.10
10398,7.00
10401,7.00
10404,7.00
10407,7.00
10410,7.00
10413,7.00
10416,7.00
10419,7.00
10422,7.00
10425,7.00
10428,7.00
10431,7.00
10434,7.10
10437,7.00
10440,7.00
10443,7.10
10446,7.00
10449,7.00
10452,7.00
10455,7.00
10458,7.00
10461,7.00
10464,7.00
10467,7.00
10470,7.00
10473,7.00
10476,7.00
10479,7.10
10482,7.00
10485,7.00
10488,7.00
10491,7.00
10494,7.00
10497,7.10
10500,7.00
10503,7.00
10506,7.00
10509,6.90
10512,7.00
10515,7.00
10518,7.00
10521,7.00
10524,7.00
10527,7.00
10530,7.00
10533,7.00
10536,7.00
10539,7.00
10542,7.00
10545,7.00
10548,7.00
10551,7.00
10554,7.00
10557,7.00
10560,7.00
10563,7.00
10566,7.00
10569,7.00
10572,7.00
10575,7.00
10578,7.00
10581,7.00
10584,7.00
10587,7.00
10590,7.00
10593,7.00
10596,7.00
10599,7.00
10602,7.00
10605,7.00
10608,7.10
10611,7.10
10614,7.10
10617,7.00
10620,7.00
10623,7.10
10626,7.00
10629,7.00
10632,7.10
10635,7.10
10638,7.00
10641,7.00
10644,7.00
10647,7.00
10650,7.00
10653,7.00
10656,7.00
10659,7.00
10662,7.00
10665,7.10
10668,7.00
10671,7.00
10674,7.00
10677,7.10
10680,7.00
10683,7.00
10686,7.00
10689,7.00
10692,7.00
10695,7.00
10698,7.00
10701,7.00
10704,7.00
10707,7.00
10710,7.00
10713,7.00
10716,7.00
10719,7.00
10722,7.00
10725,7.00
10728,7.00
10731,7.00
10734,7.10
10737,7.00
10740,7.00
10743,7.00
10746,7.00
10749,7.00
10752,7.00
10755,7.00
10758,7.00
10761,7.00
10764,7.00
10767,6.90
10770,7.10
10773,7.00
10776,7.00
10779,7.00
10782,7.00
10785,7.10
10788,7.00
10791,7.10
10794,7.00
10797,7.00
10800,7.10
10803,7.00
10806,7.10
10809,7.00
10812,7.00
10815,7.00
10818,7.00
10821,7.00
10824,7.00
10827,7.00
10830,7.10
10833,7.10
10836,7.10
10839,7.00
10842,7.00
10845,7.00
10848,7.10
10851,7.00
10854,7.00
10857,7.00
10860,7.00
10863,7.00
10866,7.10
10869,7.00
10872,7.00
10875,7.00
10878,7.00
10881,7.00
10884,7.00
10887,7.10
10890,7.00
10893,7.00
10896,7.00
10899,7.00
10902,7.00
10905,7.10
10908,7.00
10911,7.00
10914,7.00
10917,7.00
10920,7.00
10923,7.00
10926,7.00
10929,7.00
10932,7.10
10935,7.10
10938,7.10
10941,7.00
10944,7.10
10947,7.00
10950,7.00
10953,7.00
10956,7.00
10959,7.00
10962,7.00
10965,7.00
10968,7.00
10971,7.00
10974,7.00
10977,7.00
10980,7.10
10983,7.10
10986,7.10
10989,7.00
10992,7.00
10995,7.00
10998,7.00
11001,7.10
11004,7.10
11007,7.10
11010,7.00
11013,7.00
11016,7.00
11019,7.00
11022,7.00
11025,7.00
11028,7.00
11031,7.00
11034,7.00
11037,7.00
11040,7.00
11043,7.00
11046,7.00
11049,7.00
11052,7.10
11055,7.00
11058,7.00
11061,7.00
11064,7.00
11067,7.00
11070,7.00
11073,7.00
11076,7.00
11079,7.00
11082,7.00
11085,7.00
11088,7.00
11091,7.00
11094,7.10
11097,7.00
11100,7.00
11103,7.00
11106,7.00
11109,7.00
11112,7.00
11115,7.00
11118,7.00
11121,7.00
11124,7.00
11127,7.10
11130,7.00
11133,7.00
11136,7.00
11139,7.10
11142,7.10
11145,7.00
11148,7.00
11151,7.10
11154,7.00
11157,7.00
11160,7.10
11163,7.00
11166,7.00
11169,7.00
11172,7.00
11175,7.10
11178,7.10
11181,7.10
11184,7.10
11187,7.00
11190,7.10
11193,7.00
11196,7.00
11199,7.10
11202,7.10
11205,7.00
11208,7.00
11211,7.00
11214,7.00
11217,7.00
11220,7.00
11223,7.00
11226,7.10
11229,7.00
11232,7.00
11235,7.10
11238,7.00
11241,7.00
11244,7.00
11247,7.00
11250,7.00
11253,7.00
11256,7.00
11259,7.00
11262,7.00
11265,7.00
11268,7.00
11271,7.00
11274,7.00
11277,7.10
11280,7.10
11283,7.00
11286,7.10
11289,7.00
11292,7.00
11295,7.00
11298,7.00
11301,7.10
11304,7.00
11307,7.00
11310,7.00
11313,7.00
11316,7.00
11319,7.00
11322,7.00
11325,7.10
11328,7.00
11331,7.00
11334,7.00
11337,7.00
11340,7.10
11343,7.00
11346,7.10
11349,7.00
11352,7.00
11355,7.00
11358,7.00
11361,7.10
11364,7.00
11367,7.10
11370,7.00
11373,7.10
11376,7.00
11379,7.00
11382,7.10
11385,7.00
11388,7.00
11391,7.00
11394,7.00
11397,7.00
11400,7.00
11403,7.00
11406,7.00
11409,7.00
11412,7.00
11415,7.00
11418,7.00
11421,7.00
11424,7.10
11427,7.10
11430,7.00
11433,7.00
11436,7.00
11439,7.00
11442,7.00
11445,7.00
11448,7.00
11451,7.00
11454,7.00
11457,7.00
11460,7.00
11463,7.00
11466,7.00
11469,7.00
11472,7.10
11475,7.10
11478,7.10
11481,7.00
11484,7.10
11487,7.10
11490,7.00
11493,7.00
11496,7.00
11499,7.00
11502,7.00
11505,7.00
11508,7.00
11511,7.00
11514,7.00
11517,7.00
11520,7.00
11523,7.00
11526,7.00
11529,7.00
11532,7.00
11535,7.00
11538,7.00
11541,7.00
11544,7.00
11547,7.00
11550,7.00
11553,7.00
11556,7.00
11559,7.00
11562,7.00
11565,7.00
11568,7.00
11571,7.00
11574,7.00
11577,7.00
11580,7.00
11583,7.00
11586,7.00
11589,7.00
11592,7.00
11595,7.00
11598,7.00
11601,7.00
11604,6.90
11607,7.00
11610,7.10
11613,7.10
11616,7.00
11619,7.00
11622,7.00
11625,7.00
11628,7.00
11631,7.00
11634,7.10
11637,7.00
11640,7.10
11643,7.00
11646,7.00
11649,7.10
11652,7.00
11655,7.00
11658,7.00
11661,7.10
11664,7.00
11667,7.00
11670,7.10
11673,7.00
11676,7.00
11679,7.00
11682,7.00
11685,7.00
11688,7.00
11691,7.00
11694,7.00
11697,7.00
11700,7.00
11703,7.00
11706,7.10
11709,7.10
11712,7.00
11715,7.00
11718,7.00
11721,7.00
11724,7.00
11727,7.00
11730,7.00
11733,7.00
11736,7.00
11739,7.10
11742,7.10
11745,7.00
11748,7.00
11751,7.10
11754,7.00
11757,7.00
11760,7.00
11763,7.00
11766,7.00
11769,7.00
11772,7.00
11775,7.10
11778,7.00
11781,7.00
11784,7.00
11787,7.00
11790,7.10
11793,7.00
11796,7.00
11799,7.10
11802,7.00
11805,7.00
11808,7.00
11811,7.00
11814,7.00
11817,7.10
11820,7.10
11823,7.00
11826,7.00
11829,7.10
11832,7.00
11835,7.10
11838,7.00
11841,7.00
11844,7.10
11847,7.10
11850,7.10
11853,7.10
11856,7.00
11859,7.00
11862,7.10
11865,7.00
11868,7.00
11871,7.00
11874,7.10
11877,7.00
11880,7.00
11883,7.10
11886,7.00
11889,7.00
11892,7.00
11895,7.00
11898,7.00
11901,7.00
11904,7.10
11907,7.00
11910,7.00
11913,7.10
11916,7.10
11919,7.10
11922,7.10
11925,7.00
11928,7.00
11931,7.00
11934,7.00
11937,7.00
11940,7.10
11943,7.00
11946,7.00
11949,7.00
11952,7.00
11955,7.00
11958,7.00
11961,7.00
11964,7.00
11967,7.00
11970,7.00
11973,7.00
11976,7.10
11979,7.00
11982,7.10
11985,7.00
11988,7.10
11991,7.00
11994,7.00
11997,7.00
12000,7.00
12003,7.00
12006,7.00
12009,7.10
12012,7.00
12015,7.10
12018,7.00
12021,7.00
12024,7.10
12027,7.00
12030,7.10
12033,7.00
12036,7.00
12039,7.10
12042,7.10
12045,7.10
12048,7.00
12051,6.90
12054,7.00
12057,7.00
12060,7.00
12063,7.00
12066,7.00
12069,7.00
12072,7.00
12075,7.00
12078,7.00
12081,7.00
12084,7.00
12087,7.00
12090,7.00
12093,7.00
12096,7.00
12099,7.00
12102,7.00
12105,7.00
12108,7.00
12111,7.00
12114,7.00
12117,7.00
12120,7.00
12123,7.00
12126,7.00
12129,7.00
12132,7.00
12135,7.00
12138,7.00
12141,7.00
12144,7.00
12147,7.00
12150,7.00
12153,7.00
12156,7.10
12159,7.00
12162,7.10
12165,7.00
12168,7.10
12171,7.00
12174,7.00
12177,7.00
12180,7.00
12183,7.00
12186,7.00
12189,7.00
12192,7.00
12195,7.00
12198,7.00
12201,7.00
12204,7.00
12207,7.00
12210,7.00
12213,7.00
12216,7.00
12219,7.00
12222,7.00
12225,7.00
12228,7.00
12231,7.10
12234,7.00
12237,7.00
12240,7.00
12243,7.00
12246,7.00
12249,7.10
12252,7.00
12255,7.00
12258,7.00
12261,7.00
12264,7.00
12267,7.00
12270,7.00
12273,7.00
12276,7.00
12279,7.00
12282,7.00
12285,7.10
12288,7.10
12291,7.00
12294,7.00
12297,7.10
12300,7.00
12303,7.00
12306,7.00
12309,7.00
12312,7.10
12315,7.00
12318,7.00
12321,7.00
12324,7.00
12327,7.00
12330,7.00
12333,7.10
12336,7.10
12339,7.10
12342,7.00
12345,7.00
12348,7.00
12351,7.00
12354,7.10
12357,7.00
12360,7.00
12363,7.00
12366,7.10
12369,7.00
12372,7.00
12375,7.00
12378,7.00
12381,7.00
12384,7.10
12387,7.10
12390,7.00
12393,7.00
12396,7.00
12399,7.00
12402,7.00
12405,7.00
12408,7.00
12411,7.00
12414,7.00
12417,7.10
12420,7.00
12423,7.10
12426,7.00
12429,7.10
12432,7.10
12435,7.00
12438,7.00
12441,7.00
12444,7.10
12447,7.00
12450,7.00
12453,7.00
12456,7.00
12459,7.00
12462,7.00
12465,7.00
12468,7.10
12471,7.00
12474,7.10
12477,7.00
12480,7.00
12483,7.00
12486,7.10
12489,7.00
12492,7.00
12495,7.00
12498,7.00
12501,7.00
12504,7.00
12507,7.00
12510,7.00
12513,7.00
12516,7.00
12519,7.00
12522,7.00
12525,7.00
12528,7.00
12531,7.00
12534,7.00
12537,7.00
12540,7.00
12543,7.10
12546,7.00
12549,7.00
12552,7.10
12555,7.00
12558,7.00
12561,7.00
12564,7.00
12567,7.00
12570,7.00
12573,7.00
12576,7.00
12579,7.00
12582,7.00
12585,7.00
12588,7.00
12591,7.00
12594,7.00
12597,7.00
12600,7.00
12603,7.00
12606,7.00
12609,7.00
12612,7.00
12615,7.00
12618,7.00
12621,7.00
12624,7.00
12627,7.00
12630,7.10
12633,7.00
12636,7.00
12639,7.00
12642,7.00
12645,7.00
12648,7.00
12651,7.10
12654,7.00
12657,7.00
12660,7.00
12663,7.00
12666,7.10
12669,7.00
12672,7.00
12675,7.00
12678,7.00
12681,7.00
12684,7.00
12687,7.10
12690,7.10
12693,7.00
12696,7.00
12699,7.00
12702,7.10
12705,7.00
12708,7.00
12711,7.00
12714,7.00
12717,7.00
12720,7.00
12723,7.10
12726,7.00
12729,7.00
12732,7.00
12735,7.00
12738,7.00
12741,7.00
12744,7.00
12747,7.00
12750,7.10
12753,7.10
12756,7.00
12759,7.10
12762,7.00
12765,7.00
12768,7.00
12771,7.00
12774,7.00
12777,7.00
12780,7.00
12783,7.00
12786,7.00
12789,7.00
12792,7.00
12795,7.00
12798,7.00
12801,7.10
12804,7.10
12807,7.00
12810,7.00
12813,7.00
12816,7.00
12819,7.00
12822,7.00
12825,7.00
12828,7.00
12831,7.00
12834,7.00
12837,7.00
12840,7.00
12843,7.00
12846,7.00
12849,7.00
12852,7.00
12855,7.00
12858,7.00
12861,7.00
12864,7.00
12867,7.00
12870,7.00
12873,7.00
12876,7.00
12879,7.00
12882,7.10
12885,7.10
12888,7.00
12891,7.00
12894,7.00
12897,7.00
12900,7.00
12903,7.00
12906,7.00
12909,7.00
12912,7.00
12915,7.00
12918,7.00
12921,7.00
12924,7.00
12927,7.00
12930,7.00
12933,7.00
12936,7.00
12939,7.00
12942,7.10
12945,7.00
12948,7.10
12951,7.10
12954,7.00
12957,7.00
12960,7.00
12963,7.00
12966,7.00
12969,7.00
12972,7.00
12975,7.00
12978,7.00
12981,7.00
12984,7.00
12987,7.00
12990,7.00
12993,7.00
12996,7.00
12999,7.00
13002,7.00
13005,7.00
13008,7.00
13011,7.00
13014,7.10
13017,7.10
13020,7.00
13023,7.00
13026,7.00
13029,7.10
13032,7.10
13035,7.00
13038,7.10
13041,7.10
13044,7.00
13047,7.00
13050,7.00
13053,7.00
13056,7.00
13059,7.00
13062,7.00
13065,7.10
13068,7.10
13071,7.00
13074,7.00
13077,7.00
13080,7.00
13083,7.00
13086,7.00
13089,7.00
13092,7.10
13095,7.00
13098,7.00
13101,7.00
13104,7.00
13107,7.00
13110,7.10
13113,7.00
13116,7.00
13119,7.00
13122,7.00
13125,7.00
13128,7.10
13131,7.10
13134,7.00
13137,7.00
13140,7.00
13143,7.00
13146,7.00
13149,7.00
13152,7.00
13155,7.00
13158,7.00
13161,7.00
13164,7.00
13167,7.00
13170,7.00
13173,7.00
13176,7.10
13179,7.00
13182,7.00
13185,7.00
13188,7.10
13191,7.00
13194,7.00
13197,7.00
13200,7.00
13203,7.10
13206,7.00
13209,7.10
13212,7.10
13215,7.00
13218,7.10
13221,7.00
13224,7.10
13227,7.00
13230,7.00
13233,10.90
13236,27.60
13239,27.50
13242,27.50
13245,27.50
13248,27.50
13251,27.40
13254,27.50
13257,27.50
13260,27.50
13263,27.50
13266,27.50
13269,27.50
13272,28.40
13275,32.20
13278,39.30
13281,39.10
13284,44.00
13287,44.00
13290,44.00
13293,44.00
13296,44.00
13299,44.00
13302,44.00
13305,41.70
13308,39.10
13311,41.00
13314,41.00
13317,41.00
13320,41.00
13323,41.00
13326,41.00
13329,41.00
13332,41.00
13335,40.90
13338,41.00
13341,39.20
13344,39.20
13347,39.20
13350,39.20
13353,39.10
13356,39.30
13359,39.10
13362,39.20
13365,40.70
13368,17.10
13371,16.60
13374,19.50
13377,33.70
13380,195.40
13383,237.90
13386,150.40
13389,206.20
13392,77.60
13395,76.80
13398,76.20
13401,75.70
13404,241.80
13407,73.80
13410,74.00
13413,73.70
13416,73.80
13419,73.40
13422,74.00
13425,73.80
13428,73.70
13431,73.70
13434,73.90
13437,73.70
13440,73.80
13443,74.20
13446,73.80
13449,73.90
13452,74.50
13455,74.40
13458,74.40
13461,74.40
13464,73.80
13467,73.80
13470,74.10
13473,74.70
13476,74.60
13479,73.90
13482,74.70
13485,73.40
13488,73.60
13491,73.70
13494,73.70
13497,73.90
13500,73.80
13503,74.30
13506,21.30
13509,7.10
13512,7.10
13515,7.00
13518,7.00
13521,7.00
13524,7.00
13527,7.00
13530,7.00
13533,7.00
13536,7.00
13539,7.00
13542,7.00
13545,7.10
13548,7.00
13551,7.00
13554,7.00
13557,7.10
13560,7.10
13563,7.00
13566,7.10
13569,7.00
13572,7.00
13575,7.00
13578,7.00
13581,7.10
13584,7.00
13587,7.00
13590,7.00
13593,7.00
13596,7.00
13599,7.00
13602,7.00
13605,7.10
13608,7.00
13611,7.00
13614,7.00
13617,7.00
13620,7.00
13623,7.10
13626,7.00
13629,7.00
13632,7.00
13635,7.00
13638,7.00
13641,7.10
13644,7.00
13647,7.00
13650,7.00
13653,7.00
13656,7.00
13659,7.00
13662,7.00
13665,7.00
13668,7.00
13671,7.00
13674,7.00
13677,7.00
13680,7.00
13683,7.00
13686,7.00
13689,7.00
13692,7.00
13695,7.00
13698,7.00
13701,7.00
13704,7.10
13707,7.00
13710,7.00
13713,7.00
13716,7.00
13719,7.00
13722,7.00
13725,7.10
13728,7.00
13731,7.00
13734,7.00
13737,7.00
13740,7.10
13743,7.00
13746,7.00
13749,7.00
13752,7.10
13755,7.00
13758,7.10
13761,7.00
13764,7.00
13767,7.00
13770,7.00
13773,7.00
13776,7.00
13779,7.10
13782,7.10
13785,7.00
13788,7.00
13791,7.00
13794,7.00
13797,7.00
13800,7.10
13803,7.00
13806,7.00
13809,7.00
13812,7.10
13815,7.00
13818,7.10
13821,7.00
13824,7.00
13827,7.00
13830,7.00
13833,7.00
13836,7.10
13839,7.00
13842,7.00
13845,7.10
13848,7.00
13851,7.00
13854,7.00
13857,7.10
13860,7.00
13863,7.00
13866,7.00
13869,7.00
13872,7.10
13875,7.10
13878,7.00
13881,7.00
13884,7.00
13887,7.00
13890,7.00
13893,7.10
13896,7.00
13899,7.00
13902,7.00
13905,7.00
13908,7.00
13911,7.00
13914,7.00
13917,7.00
13920,7.00
13923,7.00
13926,7.00
13929,7.00
13932,7.10
13935,7.00
13938,7.00
13941,7.00
13944,7.00
13947,7.10
13950,7.00
13953,7.00
13956,7.10
13959,7.00
13962,7.10
13965,7.00
13968,7.10
13971,7.10
13974,7.10
13977,7.00
13980,7.00
13983,7.00
13986,7.00
13989,7.10
13992,7.10
13995,7.10
13998,7.00
14001,7.00
14004,7.00
14007,7.00
14010,7.00
14013,7.00
14016,7.00
14019,7.10
14022,7.00
14025,7.00
14028,7.00
14031,7.10
14034,7.00
14037,7.10
14040,7.00
14043,7.00
14046,7.00
14049,7.00
14052,7.00
14055,7.00
14058,7.00
14061,7.00
14064,7.00
14067,7.10
14070,7.10
14073,7.00
14076,7.00
14079,7.00
14082,7.00
14085,7.00
14088,7.00
14091,7.00
14094,7.00
14097,7.00
14100,7.00
14103,7.00
14106,7.00
14109,7.00
14112,7.00
14115,7.00
14118,7.00
14121,7.00
14124,7.00
14127,7.00
14130,7.00
14133,7.00
14136,7.00
14139,7.00
14142,7.00
14145,7.00
14148,7.00
14151,7.00
14154,7.00
14157,7.00
14160,7.00
14163,7.10
14166,7.00
14169,7.00
14172,7.00
14175,7.00
14178,7.10
14181,7.00
14184,7.00
14187,7.00
14190,7.00
14193,7.00
14196,7.00
14199,7.10
14202,7.10
14205,7.00
14208,7.00
14211,7.00
14214,7.00
14217,7.00
14220,7.00
14223,7.00
14226,7.00
14229,7.00
14232,7.10
14235,7.00
14238,7.00
14241,7.00
14244,7.00
14247,7.00
14250,7.10
14253,7.00
14256,7.00
14259,7.00
14262,7.00
14265,7.00
14268,7.00
14271,7.00
14274,7.10
14277,7.00
14280,7.00
14283,7.00
14286,7.10
14289,7.10
14292,7.00
14295,7.00
14298,7.00
14301,7.00
14304,7.00
14307,7.00
14310,7.00
14313,7.00
14316,7.00
14319,7.00
14322,7.10
14325,7.10
14328,7.00
14331,7.00
14334,7.10
14337,7.00
14340,7.00
14343,7.10
14346,7.00
14349,7.00
14352,7.10
14355,7.00
14358,7.00
14361,7.00
14364,7.00
14367,7.00
14370,7.00
14373,7.00
14376,7.00
14379,7.00
14382,7.00
14385,7.10
14388,7.00
14391,7.10
14394,7.00
14397,7.00
14400,7.00
14403,7.00
14406,7.00
14409,7.00
14412,7.00
14415,7.00
14418,7.00
14421,7.10
14424,7.00
14427,7.00
14430,7.00
14433,7.00
14436,7.00
14439,7.00
14442,7.00
14445,7.00
