3,0.00
6,0.00
9,0.00
12,0.00
15,0.00
18,0.00
21,0.00
24,0.00
27,0.00
30,0.00
33,0.00
36,0.00
39,0.00
42,0.00
45,0.00
48,0.00
51,0.00
54,0.00
57,0.00
60,0.00
63,0.00
66,0.00
69,0.00
72,0.00
75,0.00
78,0.00
81,0.00
84,0.00
87,0.00
90,0.00
93,0.00
96,0.00
99,0.00
102,0.00
105,0.00
108,0.00
111,0.00
114,0.00
117,0.00
120,0.00
123,0.00
126,0.00
129,0.00
132,0.00
135,0.00
138,0.00
141,0.00
144,0.00
147,0.00
150,0.00
153,0.00
156,0.00
159,0.00
162,0.00
165,0.00
168,0.00
171,0.00
174,0.00
177,0.00
180,0.00
183,0.00
186,0.00
189,0.00
192,0.00
195,0.00
198,0.00
201,0.00
204,0.00
207,0.00
210,0.00
213,0.00
216,0.00
219,0.00
222,0.00
225,0.00
228,0.00
231,0.00
234,0.00
237,0.00
240,0.00
243,0.00
246,0.00
249,0.00
252,0.00
255,0.00
258,0.00
261,0.00
264,0.00
267,0.00
270,0.00
273,0.00
276,0.00
279,0.00
282,0.00
285,0.00
288,0.00
291,0.00
294,0.00
297,0.00
300,0.00
303,0.00
306,0.00
309,0.00
312,0.00
315,0.00
318,0.00
321,0.00
324,0.00
327,0.00
330,0.00
333,0.00
336,0.00
339,0.00
342,0.00
345,0.00
348,0.00
351,0.00
354,0.00
357,0.00
360,0.00
363,0.00
366,0.00
369,0.00
372,0.00
375,0.00
378,0.00
381,0.00
384,0.00
387,0.00
390,0.00
393,0.00
396,0.00
399,0.00
402,0.00
405,0.00
408,0.00
411,0.00
414,0.00
417,0.00
420,0.00
423,0.00
426,0.00
429,0.00
432,0.00
435,0.00
438,0.00
441,0.00
444,0.00
447,0.00
450,0.00
453,0.00
456,0.00
459,0.00
462,0.00
465,0.00
468,0.00
471,0.00
474,0.00
477,0.00
480,0.00
483,0.00
486,0.00
489,0.00
492,0.00
495,0.00
498,0.00
501,0.00
504,0.00
507,0.00
510,0.00
513,0.00
516,0.00
519,0.00
522,0.00
525,0.00
528,0.00
531,0.00
534,0.00
537,0.00
540,0.00
543,0.00
546,0.00
549,0.00
552,0.00
555,0.00
558,0.00
561,0.00
564,0.00
567,0.00
570,0.00
573,0.00
576,0.00
579,0.00
582,0.00
585,0.00
588,0.00
591,0.00
594,0.00
597,0.00
600,0.00
603,0.00
606,0.00
609,0.00
612,0.00
615,0.00
618,0.00
621,0.00
624,0.00
627,0.00
630,0.00
633,0.00
636,0.00
639,0.00
642,0.00
645,0.00
648,0.00
651,0.00
654,0.00
657,0.00
660,0.00
663,0.00
666,0.00
669,0.00
672,0.00
675,0.00
678,0.00
681,0.00
684,0.00
687,0.00
690,0.00
693,0.00
696,0.00
699,0.00
702,0.00
705,0.00
708,0.00
711,0.00
714,0.00
717,0.00
720,0.00
723,0.00
726,0.00
729,0.00
732,0.00
735,0.00
738,0.00
741,0.00
744,0.00
747,0.00
750,0.00
753,0.00
756,0.00
759,0.00
762,0.00
765,0.00
768,0.00
771,0.00
774,0.00
777,0.00
780,29.60
783,29.20
786,30.90
789,27.60
792,27.50
795,27.50
798,27.60
801,27.60
804,27.60
807,27.60
810,27.50
813,27.50
816,28.30
819,32.20
822,39.10
825,39.20
828,44.00
831,44.00
834,44.00
837,44.00
840,44.00
843,44.00
846,43.90
849,42.60
852,39.20
855,41.00
858,41.00
861,41.00
864,41.00
867,41.00
870,41.00
873,41.00
876,41.00
879,41.00
882,41.10
885,41.00
888,39.10
891,39.20
894,39.10
897,41.00
900,39.10
903,39.10
906,39.20
909,40.50
912,33.10
915,10.50
918,10.50
921,41.20
924,144.40
927,292.20
930,331.60
933,268.10
936,239.20
939,76.40
942,77.00
945,76.10
948,88.20
951,75.10
954,76.60
957,73.60
960,74.30
963,74.10
966,74.60
969,73.90
972,74.40
975,74.00
978,74.30
981,74.00
984,73.70
987,74.80
990,74.80
993,74.10
996,76.40
999,73.80
1002,74.10
1005,74.90
1008,74.00
1011,73.70
1014,73.80
1017,73.80
1020,73.70
1023,74.00
1026,74.10
1029,73.90
1032,73.90
1035,73.90
1038,74.80
1041,75.00
1044,74.50
1047,73.90
1050,74.20
1053,73.80
1056,73.60
1059,73.60
1062,74.00
1065,73.90
1068,74.40
1071,73.90
1074,74.00
1077,74.00
1080,73.90
1083,75.00
1086,73.90
1089,73.90
1092,73.90
1095,74.90
1098,76.70
1101,86.80
1104,73.90
1107,74.10
1110,75.00
1113,74.90
1116,73.90
1119,75.00
1122,75.10
1125,73.80
1128,74.20
1131,74.40
1134,74.20
1137,74.20
1140,74.50
1143,72.60
1146,72.50
1149,73.80
1152,74.80
1155,72.30
1158,74.20
1161,74.30
1164,73.90
1167,74.00
1170,74.90
1173,74.00
1176,74.20
1179,75.00
1182,75.00
1185,73.90
1188,74.00
1191,74.00
1194,74.00
1197,75.00
1200,73.90
1203,73.80
1206,73.70
1209,74.50
1212,75.00
1215,74.10
1218,74.10
1221,74.30
1224,73.80
1227,74.10
1230,74.20
1233,73.70
1236,74.80
1239,73.80
1242,75.00
1245,74.90
1248,73.80
1251,78.70
1254,71.80
1257,73.70
1260,72.40
1263,75.20
1266,73.90
1269,73.80
1272,73.90
1275,74.00
1278,73.90
1281,73.80
1284,73.90
1287,75.00
1290,74.90
1293,74.10
1296,74.10
1299,74.40
1302,74.10
1305,74.20
1308,74.00
1311,73.90
1314,74.90
1317,74.90
1320,74.70
1323,74.80
1326,74.70
1329,74.80
1332,74.60
1335,74.70
1338,73.80
1341,74.40
1344,73.50
1347,75.00
1350,73.80
1353,73.90
1356,72.30
1359,75.10
1362,74.30
1365,75.40
1368,73.90
1371,73.80
1374,73.50
1377,73.30
1380,73.00
1383,73.40
1386,73.20
1389,73.40
1392,73.30
1395,74.30
1398,74.10
1401,74.20
1404,181.20
1407,74.10
1410,76.70
1413,74.30
1416,73.20
1419,73.30
1422,73.20
1425,73.30
1428,73.20
1431,73.10
1434,73.20
1437,73.50
1440,73.30
1443,73.30
1446,73.20
1449,73.20
1452,74.20
1455,74.10
1458,73.20
1461,73.20
1464,74.20
1467,73.40
1470,73.30
1473,73.30
1476,73.20
1479,74.10
1482,74.00
1485,74.20
1488,74.10
1491,74.10
1494,74.20
1497,74.20
1500,73.30
1503,73.30
1506,73.30
1509,73.40
1512,73.30
1515,73.20
1518,74.00
1521,74.00
1524,77.40
1527,74.30
1530,74.90
1533,74.30
1536,74.40
1539,75.30
1542,74.60
1545,74.40
1548,74.50
1551,74.60
1554,73.80
1557,72.70
1560,73.20
1563,73.20
1566,73.50
1569,123.80
1572,73.10
1575,73.20
1578,73.20
1581,74.00
1584,73.30
1587,73.30
1590,74.00
1593,73.20
1596,73.20
1599,73.20
1602,73.40
1605,74.10
1608,73.90
1611,73.90
1614,74.00
1617,73.90
1620,73.90
1623,74.20
1626,74.20
1629,74.10
1632,74.20
1635,74.20
1638,73.20
1641,73.50
1644,73.50
1647,73.80
1650,73.50
1653,73.50
1656,73.30
1659,73.20
1662,73.70
1665,73.40
1668,73.30
1671,73.10
1674,73.50
1677,74.00
1680,74.40
1683,73.30
1686,73.20
1689,73.30
1692,73.50
1695,73.30
1698,74.40
1701,73.20
1704,73.40
1707,295.00
1710,73.60
1713,73.60
1716,74.40
1719,73.40
1722,73.60
1725,73.30
1728,74.30
1731,74.40
1734,74.40
1737,73.50
1740,73.50
1743,73.60
1746,73.40
1749,73.50
1752,73.40
1755,73.60
1758,73.70
1761,70.90
1764,74.10
1767,73.80
1770,70.80
1773,73.60
1776,74.40
1779,74.10
1782,74.40
1785,74.40
1788,74.40
1791,74.40
1794,73.20
1797,73.20
1800,73.20
1803,73.40
1806,73.50
1809,73.40
1812,73.30
1815,73.30
1818,73.30
1821,73.40
1824,74.20
1827,75.00
1830,73.40
1833,74.10
1836,74.00
1839,74.20
1842,73.00
1845,73.50
1848,73.10
1851,73.30
1854,73.10
1857,74.40
1860,90.50
1863,71.90
1866,73.30
1869,73.30
1872,71.70
1875,73.10
1878,73.30
1881,73.30
1884,73.10
1887,73.20
1890,73.10
1893,73.20
1896,73.10
1899,73.10
1902,73.10
1905,73.10
1908,73.10
1911,73.10
1914,73.10
1917,73.10
1920,73.10
1923,73.10
1926,73.20
1929,73.20
1932,73.20
1935,73.10
1938,73.10
1941,73.10
1944,73.10
1947,73.00
1950,73.00
1953,73.10
1956,73.00
1959,73.20
1962,74.80
1965,72.90
1968,73.10
1971,73.90
1974,71.90
1977,73.10
1980,74.80
1983,73.80
1986,73.90
1989,73.60
1992,73.60
1995,73.20
1998,73.20
2001,73.20
2004,74.20
2007,73.90
2010,74.90
2013,73.80
2016,73.80
2019,73.20
2022,74.00
2025,73.90
2028,73.90
2031,74.00
2034,74.00
2037,74.10
2040,73.90
2043,73.90
2046,73.90
2049,73.80
2052,73.80
2055,73.80
2058,73.80
2061,73.80
2064,75.40
2067,75.30
2070,73.60
2073,73.80
2076,75.40
2079,73.60
2082,73.90
2085,73.90
2088,73.80
2091,74.70
2094,73.80
2097,73.70
2100,73.80
2103,73.80
2106,74.00
2109,75.20
2112,73.50
2115,73.80
2118,73.80
2121,73.80
2124,73.90
2127,73.90
2130,73.90
2133,73.80
2136,73.90
2139,73.90
2142,74.10
2145,74.10
2148,74.10
2151,74.00
2154,73.20
2157,74.10
2160,74.00
2163,104.30
2166,71.30
2169,74.70
2172,75.00
2175,73.70
2178,74.50
2181,74.70
2184,73.60
2187,73.60
2190,73.60
2193,75.00
2196,73.60
2199,73.60
2202,73.70
2205,73.70
2208,73.80
2211,74.10
2214,73.60
2217,73.60
2220,73.70
2223,73.60
2226,73.60
2229,73.60
2232,73.70
2235,73.60
2238,74.60
2241,74.60
2244,73.60
2247,73.50
2250,73.70
2253,73.60
2256,73.60
2259,73.60
2262,73.60
2265,73.60
2268,75.00
2271,74.30
2274,74.50
2277,73.60
2280,73.50
2283,73.70
2286,72.90
2289,73.50
2292,74.10
2295,74.20
2298,74.30
2301,73.30
2304,74.40
2307,73.50
2310,73.50
2313,73.80
2316,156.70
2319,73.60
2322,73.70
2325,74.00
2328,73.60
2331,73.70
2334,73.60
2337,73.60
2340,73.70
2343,73.30
2346,73.60
2349,73.60
2352,74.10
2355,73.80
2358,73.80
2361,73.70
2364,73.80
2367,73.80
2370,72.50
2373,74.40
2376,73.60
2379,74.30
2382,73.50
2385,73.60
2388,73.60
2391,74.20
2394,73.60
2397,73.70
2400,74.10
2403,73.70
2406,74.10
2409,74.30
2412,74.20
2415,74.10
2418,73.60
2421,73.60
2424,74.00
2427,73.60
2430,73.60
2433,73.80
2436,74.60
2439,74.00
2442,74.00
2445,74.20
2448,74.20
2451,74.20
2454,74.00
2457,74.80
2460,74.30
2463,74.40
2466,76.90
2469,73.20
2472,73.40
2475,73.00
2478,73.40
2481,73.20
2484,73.40
2487,73.30
2490,73.40
2493,73.60
2496,74.20
2499,73.30
2502,73.70
2505,73.50
2508,73.40
2511,73.40
2514,73.40
2517,73.90
2520,73.40
2523,73.40
2526,73.50
2529,73.60
2532,73.30
2535,73.40
2538,73.50
2541,73.70
2544,73.40
2547,73.80
2550,73.20
2553,73.40
2556,74.30
2559,74.40
2562,74.30
2565,74.30
2568,73.60
2571,74.30
2574,73.70
2577,72.50
2580,72.20
2583,73.60
2586,74.00
2589,74.50
2592,74.00
2595,73.70
2598,74.80
2601,75.00
2604,74.90
2607,73.90
2610,74.10
2613,74.70
2616,73.80
2619,224.90
2622,74.60
2625,73.80
2628,73.70
2631,73.70
2634,73.70
2637,73.90
2640,73.70
2643,74.00
2646,74.10
2649,74.60
2652,74.30
2655,74.20
2658,74.30
2661,74.20
2664,74.20
2667,74.50
2670,73.80
2673,73.80
2676,73.80
2679,74.60
2682,73.80
2685,73.80
2688,73.70
2691,74.30
2694,73.60
2697,74.40
2700,74.60
2703,74.30
2706,74.30
2709,73.70
2712,73.70
2715,73.80
2718,73.80
2721,74.10
2724,73.60
2727,74.00
2730,73.60
2733,73.60
2736,73.80
2739,74.50
2742,74.60
2745,74.40
2748,74.80
2751,73.90
2754,73.80
2757,73.80
2760,73.90
2763,74.10
2766,74.20
2769,73.90
2772,132.80
2775,73.30
2778,73.40
2781,74.30
2784,74.00
2787,73.70
2790,73.20
2793,73.90
2796,73.30
2799,73.60
2802,73.20
2805,74.70
2808,74.70
2811,73.30
2814,73.30
2817,73.30
2820,73.20
2823,73.90
2826,73.30
2829,73.30
2832,73.20
2835,73.50
2838,74.40
2841,73.80
2844,73.70
2847,73.60
2850,73.60
2853,73.80
2856,73.70
2859,74.10
2862,73.60
2865,73.90
2868,73.70
2871,73.60
2874,73.60
2877,73.60
2880,73.60
2883,73.60
2886,73.60
2889,73.40
2892,74.50
2895,74.50
2898,74.20
2901,73.00
2904,73.30
2907,73.20
2910,74.10
2913,73.20
2916,74.10
2919,74.20
2922,74.10
2925,73.50
2928,73.30
2931,73.20
2934,73.30
2937,73.40
2940,73.20
2943,73.20
2946,73.20
2949,73.20
2952,73.20
2955,73.60
2958,74.20
2961,74.20
2964,73.90
2967,74.00
2970,73.90
2973,74.00
2976,74.00
2979,74.00
2982,74.00
2985,73.80
2988,73.40
2991,73.20
2994,73.30
2997,73.60
3000,73.20
3003,73.20
3006,73.20
3009,73.10
3012,73.20
3015,73.20
3018,73.20
3021,73.20
3024,73.10
3027,73.20
3030,73.20
3033,73.20
3036,73.20
3039,73.20
3042,73.10
3045,74.00
3048,74.80
3051,74.30
3054,74.00
3057,73.80
3060,74.40
3063,73.80
3066,73.80
3069,74.60
3072,74.70
3075,105.40
3078,73.40
3081,73.40
3084,74.20
3087,73.40
3090,73.30
3093,255.10
3096,73.30
3099,70.50
3102,73.20
3105,73.40
3108,73.40
3111,70.10
3114,74.20
3117,73.40
3120,73.30
3123,73.20
3126,74.20
3129,74.00
3132,74.20
3135,74.10
3138,73.20
3141,73.20
3144,73.10
3147,74.10
3150,74.20
3153,74.10
3156,74.20
3159,74.20
3162,74.00
3165,74.00
3168,74.10
3171,74.10
3174,74.00
3177,74.40
3180,74.20
3183,74.10
3186,74.20
3189,73.40
3192,73.30
3195,73.70
3198,73.30
3201,73.10
3204,73.30
3207,73.30
3210,74.00
3213,74.10
3216,74.20
3219,74.10
3222,74.10
3225,74.10
3228,92.50
3231,73.20
3234,73.40
3237,73.30
3240,73.30
3243,73.30
3246,74.00
3249,74.20
3252,74.10
3255,74.10
3258,74.30
3261,74.10
3264,74.20
3267,74.10
3270,74.10
3273,74.00
3276,74.20
3279,74.40
3282,74.00
3285,74.20
3288,74.20
3291,73.40
3294,73.00
3297,70.40
3300,73.90
3303,73.30
3306,73.10
3309,73.30
3312,73.30
3315,73.50
3318,73.30
3321,73.90
3324,74.00
3327,74.30
3330,74.00
3333,74.10
3336,74.10
3339,74.10
3342,74.20
3345,74.20
3348,74.10
3351,74.00
3354,74.10
3357,74.10
3360,74.10
3363,74.10
3366,74.10
3369,74.20
3372,74.20
3375,74.00
3378,74.10
3381,74.40
3384,74.10
3387,74.10
3390,74.00
3393,73.50
3396,74.10
3399,73.70
3402,74.10
3405,73.70
3408,73.50
3411,74.30
3414,74.30
3417,73.80
3420,74.00
3423,73.50
3426,74.00
3429,74.20
3432,74.10
3435,74.20
3438,74.20
3441,74.10
3444,73.40
3447,73.50
3450,74.20
3453,74.10
3456,74.20
3459,74.10
3462,74.30
3465,74.20
3468,74.10
3471,74.00
3474,74.10
3477,74.00
3480,74.10
3483,74.30
3486,74.10
3489,74.00
3492,74.20
3495,74.30
3498,73.20
3501,73.20
3504,73.20
3507,73.30
3510,73.40
3513,73.30
3516,73.50
3519,74.20
3522,74.10
3525,74.20
3528,74.10
3531,74.20
3534,74.20
3537,74.10
3540,74.10
3543,74.00
3546,74.10
3549,74.20
3552,74.00
3555,74.00
3558,74.20
3561,74.10
3564,74.10
3567,74.10
3570,74.00
3573,74.00
3576,74.10
3579,74.10
3582,74.10
3585,74.20
3588,74.00
3591,74.10
3594,74.00
3597,73.90
3600,74.20
3603,73.40
3606,74.00
3609,74.00
3612,70.20
3615,73.10
3618,73.20
3621,73.30
3624,73.20
3627,73.20
3630,74.10
3633,74.20
3636,74.10
3639,74.10
3642,74.10
3645,74.20
3648,74.10
3651,74.10
3654,74.10
3657,74.00
3660,74.00
3663,74.00
3666,74.10
3669,74.30
3672,74.20
3675,74.10
3678,74.10
3681,74.10
3684,74.00
3687,74.10
3690,74.00
3693,74.20
3696,74.10
3699,74.10
3702,73.50
3705,73.20
3708,70.30
3711,73.60
3714,73.50
3717,73.30
3720,73.20
3723,73.40
3726,73.20
3729,73.20
3732,73.40
3735,74.10
3738,74.20
3741,74.30
3744,74.10
3747,74.10
3750,74.20
3753,74.20
3756,74.10
3759,74.20
3762,74.10
3765,74.20
3768,74.20
3771,74.20
3774,74.10
3777,74.20
3780,74.00
3783,74.10
3786,74.00
3789,74.10
3792,74.20
3795,74.20
3798,74.20
3801,74.00
3804,73.50
3807,73.50
3810,73.40
3813,74.00
3816,73.80
3819,73.20
3822,73.30
3825,73.40
3828,73.40
3831,73.40
3834,73.40
3837,73.40
3840,73.80
3843,73.80
3846,73.80
3849,73.80
3852,73.80
3855,73.90
3858,73.90
3861,73.80
3864,73.80
3867,73.80
3870,73.90
3873,73.80
3876,73.80
3879,74.10
3882,74.10
3885,74.10
3888,74.10
3891,74.10
3894,74.20
3897,74.10
3900,74.00
3903,74.10
3906,73.50
3909,73.20
3912,73.10
3915,74.10
3918,73.50
3921,73.20
3924,73.30
3927,73.20
3930,73.30
3933,73.20
3936,74.10
3939,73.20
3942,72.90
3945,73.20
3948,73.20
3951,73.30
3954,73.30
3957,73.40
3960,73.40
3963,73.40
3966,73.90
3969,73.80
3972,73.90
3975,73.90
3978,73.80
3981,73.80
3984,73.90
3987,73.90
3990,73.80
3993,73.80
3996,73.90
3999,73.80
4002,73.90
4005,73.90
4008,73.40
4011,73.10
4014,73.40
4017,74.20
4020,73.40
4023,73.20
4026,73.20
4029,73.20
4032,73.10
4035,73.20
4038,74.10
4041,74.20
4044,74.10
4047,74.10
4050,74.00
4053,74.10
4056,74.10
4059,74.10
4062,74.00
4065,74.10
4068,74.20
4071,74.10
4074,74.20
4077,74.20
4080,74.10
4083,74.10
4086,74.10
4089,73.90
4092,73.90
4095,73.90
4098,74.00
4101,73.90
4104,73.90
4107,73.90
4110,73.30
4113,73.20
4116,73.40
4119,74.30
4122,73.70
4125,73.20
4128,73.40
4131,73.40
4134,73.40
4137,73.40
4140,73.80
4143,74.10
4146,74.10
4149,74.10
4152,74.20
4155,74.10
4158,74.00
4161,74.10
4164,74.10
4167,74.00
4170,74.00
4173,74.10
4176,74.20
4179,74.10
4182,74.10
4185,74.00
4188,74.10
4191,74.10
4194,74.00
4197,74.00
4200,74.20
4203,74.10
4206,74.20
4209,74.10
4212,74.20
4215,73.90
4218,73.20
4221,73.20
4224,329.40
4227,73.50
4230,70.30
4233,282.80
4236,328.90
4239,73.30
4242,73.60
4245,74.00
4248,74.00
4251,74.10
4254,74.00
4257,74.00
4260,74.00
4263,73.80
4266,73.50
4269,328.80
4272,328.60
4275,73.30
4278,73.40
4281,73.40
4284,73.40
4287,73.40
4290,73.30
4293,73.30
4296,73.30
4299,73.30
4302,73.30
4305,70.30
4308,119.10
4311,73.20
4314,73.30
4317,76.00
4320,73.60
4323,73.30
4326,70.50
4329,73.20
4332,73.90
4335,74.20
4338,74.20
4341,74.10
4344,74.00
4347,74.10
4350,74.10
4353,74.20
4356,74.20
4359,74.00
4362,74.00
4365,74.10
4368,74.10
4371,74.10
4374,74.10
4377,74.10
4380,74.20
4383,74.10
4386,74.20
4389,74.20
4392,74.10
4395,74.10
4398,74.20
4401,74.10
4404,74.10
4407,74.00
4410,74.10
4413,74.20
4416,74.10
4419,73.90
4422,73.50
4425,74.00
4428,73.10
4431,73.40
4434,73.20
4437,73.30
4440,73.30
4443,73.30
4446,73.20
4449,73.30
4452,73.20
4455,73.40
4458,73.90
4461,73.80
4464,73.90
4467,73.80
4470,73.80
4473,73.80
4476,73.80
4479,73.90
4482,73.90
4485,73.90
4488,74.00
4491,73.90
4494,73.80
4497,73.80
4500,73.90
4503,73.90
4506,73.80
4509,73.90
4512,73.80
4515,73.80
4518,73.80
4521,73.60
4524,73.40
4527,73.60
4530,74.00
4533,73.50
4536,73.30
4539,73.30
4542,73.40
4545,73.30
4548,73.30
4551,74.20
4554,74.10
4557,74.10
4560,74.10
4563,74.10
4566,74.10
4569,74.00
4572,74.20
4575,74.10
4578,73.80
4581,73.90
4584,73.90
4587,73.90
4590,74.00
4593,74.00
4596,73.90
4599,73.90
4602,73.90
4605,74.00
4608,73.90
4611,74.00
4614,73.90
4617,73.80
4620,73.90
4623,73.50
4626,73.50
4629,73.90
4632,73.20
4635,73.40
4638,73.20
4641,73.40
4644,73.40
4647,73.30
4650,73.30
4653,74.10
4656,74.10
4659,74.10
4662,74.10
4665,74.00
4668,74.10
4671,74.10
4674,74.10
4677,74.10
4680,74.00
4683,74.20
4686,74.10
4689,74.00
4692,74.20
4695,74.10
4698,74.10
4701,74.00
4704,73.90
4707,73.80
4710,73.90
4713,74.00
4716,73.90
4719,73.90
4722,73.90
4725,73.50
4728,73.30
4731,73.20
4734,74.00
4737,73.40
4740,73.30
4743,73.30
4746,73.20
4749,73.20
4752,73.30
4755,73.40
4758,73.20
4761,73.20
4764,74.00
4767,74.00
4770,74.00
4773,74.00
4776,74.00
4779,74.00
4782,73.90
4785,74.00
4788,74.00
4791,74.10
4794,74.00
4797,74.00
4800,74.10
4803,74.10
4806,74.20
4809,74.10
4812,74.10
4815,74.20
4818,74.20
4821,73.80
4824,73.90
4827,73.40
4830,73.60
4833,73.00
4836,74.20
4839,73.40
4842,73.30
4845,73.40
4848,73.20
4851,73.30
4854,73.30
4857,73.20
4860,74.10
4863,74.00
4866,74.20
4869,74.10
4872,74.00
4875,74.00
4878,74.10
4881,74.10
4884,74.10
4887,74.20
4890,74.10
4893,74.10
4896,74.10
4899,74.20
4902,74.20
4905,74.10
4908,74.20
4911,74.00
4914,74.00
4917,74.10
4920,74.10
4923,74.10
4926,74.20
4929,73.40
4932,73.40
4935,73.20
4938,73.80
4941,74.10
4944,73.20
4947,73.30
4950,73.20
4953,73.20
4956,73.30
4959,74.10
4962,74.00
4965,74.10
4968,74.00
4971,74.10
4974,74.10
4977,74.10
4980,74.00
4983,74.20
4986,74.20
4989,74.20
4992,74.20
4995,74.10
4998,74.10
5001,74.20
5004,74.10
5007,74.10
5010,74.20
5013,74.10
5016,74.10
5019,74.20
5022,74.10
5025,74.10
5028,74.20
5031,73.40
5034,74.00
5037,73.40
5040,74.20
5043,74.00
5046,73.30
5049,73.50
5052,73.40
5055,73.50
5058,73.40
5061,73.90
5064,74.20
5067,73.90
5070,74.00
5073,73.90
5076,73.90
5079,73.90
5082,74.00
5085,73.90
5088,74.00
5091,73.90
5094,73.90
5097,73.80
5100,74.00
5103,73.90
5106,73.90
5109,73.90
5112,73.90
5115,73.90
5118,73.90
5121,73.90
5124,74.00
5127,73.80
5130,73.90
5133,73.60
5136,74.00
5139,73.60
5142,73.50
5145,73.50
5148,73.50
5151,73.40
5154,73.20
5157,73.40
5160,73.40
5163,73.40
5166,74.20
5169,74.10
5172,74.00
5175,74.00
5178,74.10
5181,74.10
5184,74.10
5187,73.90
5190,73.90
5193,73.90
5196,73.90
5199,73.90
5202,73.90
5205,74.00
5208,73.90
5211,73.90
5214,73.90
5217,73.90
5220,73.90
5223,74.00
5226,73.90
5229,73.90
5232,73.90
5235,73.80
5238,73.30
5241,73.30
5244,74.00
5247,73.20
5250,73.50
5253,73.10
5256,73.30
5259,73.30
5262,73.20
5265,73.50
5268,73.40
5271,73.40
5274,73.30
5277,73.40
5280,73.40
5283,73.20
5286,73.30
5289,73.20
5292,73.20
5295,73.30
5298,73.30
5301,73.20
5304,73.30
5307,73.40
5310,73.90
5313,73.80
5316,73.80
5319,73.90
5322,73.80
5325,73.90
5328,73.80
5331,73.80
5334,73.90
5337,73.80
5340,73.90
5343,73.40
5346,72.40
5349,73.30
5352,73.50
5355,73.20
5358,73.40
5361,73.40
5364,73.30
5367,73.20
5370,74.20
5373,74.10
5376,74.20
5379,74.00
5382,70.50
5385,73.20
5388,73.30
5391,73.20
5394,73.30
5397,73.20
5400,73.30
5403,73.30
5406,73.40
5409,73.40
5412,73.20
5415,73.20
5418,73.30
5421,73.20
5424,73.30
5427,73.30
5430,73.20
5433,73.30
5436,73.90
5439,74.00
5442,73.60
5445,73.10
5448,70.30
5451,73.20
5454,73.50
5457,73.20
5460,73.50
5463,73.50
5466,73.40
5469,73.30
5472,74.20
5475,74.00
5478,74.10
5481,74.00
5484,74.10
5487,74.10
5490,74.00
5493,74.10
5496,74.10
5499,74.00
5502,74.20
5505,74.10
5508,74.20
5511,73.90
5514,74.20
5517,74.20
5520,74.00
5523,74.20
5526,74.10
5529,74.20
5532,74.10
5535,74.10
5538,74.10
5541,74.10
5544,73.50
5547,73.50
5550,73.40
5553,73.90
5556,73.50
5559,73.40
5562,73.90
5565,74.10
5568,73.60
5571,73.70
5574,73.40
5577,73.60
5580,73.90
5583,74.20
5586,73.30
5589,73.30
5592,73.40
5595,73.40
5598,73.40
5601,73.40
5604,73.40
5607,73.40
5610,73.40
5613,73.40
5616,73.40
5619,73.40
5622,73.40
5625,73.40
5628,73.40
5631,73.40
5634,73.40
5637,73.40
5640,74.10
5643,74.30
5646,73.50
5649,73.20
5652,73.20
5655,74.10
5658,70.30
5661,73.20
5664,73.40
5667,73.50
5670,73.40
5673,73.40
5676,74.10
5679,74.10
5682,74.00
5685,73.80
5688,73.80
5691,73.80
5694,73.80
5697,73.80
5700,73.90
5703,73.90
5706,73.80
5709,73.90
5712,74.00
5715,73.80
5718,73.80
5721,73.80
5724,73.80
5727,73.90
5730,73.80
5733,73.80
5736,74.00
5739,73.90
5742,73.90
5745,73.90
5748,73.30
5751,73.40
5754,73.30
5757,74.00
5760,73.40
5763,73.20
5766,73.40
5769,73.20
5772,73.30
5775,73.30
5778,74.10
5781,74.00
5784,74.20
5787,74.10
5790,74.10
5793,74.20
5796,74.10
5799,74.20
5802,74.10
5805,74.00
5808,74.10
5811,73.90
5814,73.90
5817,73.80
5820,73.90
5823,73.80
5826,73.80
5829,73.80
5832,73.80
5835,73.90
5838,74.00
5841,73.80
5844,73.90
5847,73.90
5850,73.80
5853,73.30
5856,73.50
5859,73.60
5862,73.40
5865,73.40
5868,73.50
5871,73.40
5874,73.40
5877,73.40
5880,73.70
5883,74.10
5886,74.10
5889,74.10
5892,74.10
5895,74.10
5898,74.10
5901,74.10
5904,74.20
5907,74.10
5910,74.10
5913,74.10
5916,74.10
5919,74.20
5922,74.20
5925,74.00
5928,74.10
5931,74.10
5934,73.80
5937,73.80
5940,73.90
5943,74.00
5946,73.90
5949,73.90
5952,73.80
5955,73.20
5958,73.50
5961,71.80
5964,73.30
5967,73.20
5970,73.30
5973,73.30
5976,73.60
5979,73.70
5982,73.60
5985,74.20
5988,74.10
5991,74.10
5994,74.30
5997,73.90
6000,74.10
6003,73.40
6006,73.40
6009,73.30
6012,73.30
6015,73.30
6018,73.30
6021,73.20
6024,73.40
6027,73.20
6030,73.20
6033,73.20
6036,73.20
6039,73.30
6042,74.50
6045,73.30
6048,73.00
6051,73.50
6054,73.50
6057,74.00
6060,73.40
6063,73.40
6066,74.80
6069,71.50
6072,73.50
6075,73.30
6078,73.40
6081,73.50
6084,73.40
6087,73.50
6090,73.20
6093,73.50
6096,73.20
6099,73.20
6102,73.30
6105,73.40
6108,73.40
6111,73.30
6114,73.30
6117,73.30
6120,86.30
6123,73.50
6126,73.40
6129,73.60
6132,71.90
6135,73.30
6138,71.90
6141,73.40
6144,72.60
6147,73.20
6150,73.10
6153,73.30
6156,73.40
6159,74.00
6162,73.40
6165,74.00
6168,72.30
6171,73.40
6174,73.30
6177,73.50
6180,73.40
6183,74.00
6186,74.00
6189,74.20
6192,73.80
6195,73.30
6198,73.30
6201,73.30
6204,73.40
6207,73.30
6210,73.40
6213,73.40
6216,73.60
6219,73.30
6222,73.50
6225,73.20
6228,73.20
6231,73.60
6234,73.20
6237,73.10
6240,73.30
6243,73.30
6246,73.40
6249,73.60
6252,73.30
6255,73.30
6258,73.20
6261,73.50
6264,73.50
6267,74.10
6270,73.20
6273,73.50
6276,74.00
6279,73.20
6282,74.20
6285,74.20
6288,73.40
6291,74.00
6294,74.10
6297,73.70
6300,73.20
6303,73.30
6306,73.20
6309,73.90
6312,73.80
6315,73.90
6318,73.90
6321,73.90
6324,73.20
6327,73.20
6330,73.30
6333,73.20
6336,73.50
6339,73.30
6342,73.30
6345,73.40
6348,73.40
6351,73.50
6354,73.30
6357,73.40
6360,73.40
6363,73.40
6366,73.20
6369,70.40
6372,73.30
6375,73.50
6378,73.20
6381,73.30
6384,73.30
6387,73.30
6390,73.30
6393,74.10
6396,74.20
6399,74.20
6402,74.20
6405,74.00
6408,74.10
6411,74.10
6414,74.10
6417,74.10
6420,74.10
6423,74.10
6426,74.20
6429,74.10
6432,74.10
6435,73.90
6438,73.90
6441,73.90
6444,74.00
6447,73.80
6450,73.90
6453,73.90
6456,73.90
6459,73.90
6462,73.90
6465,73.50
6468,73.30
6471,70.40
6474,74.10
6477,73.30
6480,73.20
6483,73.30
6486,73.30
6489,73.30
6492,73.40
6495,74.10
6498,74.00
6501,74.10
6504,74.00
6507,74.10
6510,74.10
6513,74.10
6516,74.10
6519,74.10
6522,74.20
6525,74.10
6528,74.20
6531,74.10
6534,74.20
6537,74.20
6540,74.10
6543,74.10
6546,74.10
6549,74.20
6552,73.80
6555,74.00
6558,74.10
6561,74.00
6564,74.00
6567,73.60
6570,73.40
6573,73.30
6576,74.30
6579,73.40
6582,73.30
6585,73.40
6588,73.30
6591,73.30
6594,73.30
6597,73.40
6600,73.60
6603,74.10
6606,74.00
6609,74.00
6612,74.10
6615,74.10
6618,74.20
6621,74.00
6624,74.00
6627,74.10
6630,74.00
6633,74.00
6636,74.00
6639,74.10
6642,74.00
6645,74.00
6648,74.10
6651,74.00
6654,74.00
6657,74.00
6660,74.00
6663,74.10
6666,74.00
6669,73.50
6672,73.50
6675,70.40
6678,73.20
6681,73.10
6684,73.20
6687,73.40
6690,73.30
6693,73.40
6696,73.40
6699,74.10
6702,74.10
6705,74.20
6708,74.20
6711,74.10
6714,74.10
6717,74.10
6720,73.80
6723,74.10
6726,74.20
6729,74.20
6732,74.20
6735,74.20
6738,74.10
6741,74.10
6744,74.10
6747,74.10
6750,74.20
6753,74.20
6756,74.20
6759,74.20
6762,74.10
6765,74.00
6768,74.20
6771,73.30
6774,73.40
6777,73.30
6780,74.30
6783,73.10
6786,73.30
6789,74.30
6792,73.80
6795,74.00
6798,73.80
6801,73.80
6804,74.10
6807,74.10
6810,74.00
6813,74.00
6816,74.00
6819,74.00
6822,74.10
6825,74.10
6828,74.10
6831,74.10
6834,74.20
6837,74.10
6840,74.20
6843,74.20
6846,74.10
6849,74.10
6852,74.10
6855,74.10
6858,74.10
6861,74.10
6864,74.10
6867,74.10
6870,74.10
6873,73.50
6876,74.00
6879,73.40
6882,73.30
6885,73.20
6888,73.30
6891,73.30
6894,73.10
6897,73.20
6900,73.30
6903,73.40
6906,74.20
6909,74.10
6912,74.10
6915,73.80
6918,73.80
6921,73.70
6924,73.70
6927,73.80
6930,73.80
6933,73.80
6936,73.80
6939,73.80
6942,73.80
6945,74.00
6948,73.70
6951,73.80
6954,73.70
6957,73.90
6960,73.80
6963,73.80
6966,73.80
6969,73.70
6972,73.80
6975,73.80
6978,73.40
6981,73.40
6984,73.50
6987,74.10
6990,73.40
6993,73.20
6996,73.20
6999,73.40
7002,73.30
7005,73.40
7008,74.00
7011,74.10
7014,74.20
7017,74.10
7020,74.20
7023,74.10
7026,74.20
7029,74.10
7032,74.20
7035,73.90
7038,73.80
7041,73.80
7044,73.80
7047,73.80
7050,73.70
7053,73.80
7056,73.90
7059,73.80
7062,73.80
7065,73.80
7068,73.80
7071,73.90
7074,73.80
7077,73.80
7080,73.90
7083,73.40
7086,73.20
7089,73.70
7092,73.50
7095,73.30
7098,73.40
7101,73.40
7104,73.30
7107,73.30
7110,74.10
7113,74.00
7116,74.10
7119,74.10
7122,74.10
7125,74.10
7128,74.10
7131,74.10
7134,74.00
7137,74.10
7140,74.20
7143,74.10
7146,74.10
7149,74.20
7152,74.20
7155,74.20
7158,74.10
7161,73.70
7164,73.70
7167,73.70
7170,73.70
7173,73.70
7176,73.70
7179,73.70
7182,73.50
7185,73.10
7188,73.20
7191,74.00
7194,73.60
7197,73.30
7200,73.40
7203,73.40
7206,73.30
7209,73.20
7212,74.10
7215,74.10
7218,74.10
7221,74.20
7224,74.10
7227,74.10
7230,74.10
7233,77.90
7236,199.10
7239,73.30
7242,73.30
7245,73.30
7248,73.30
7251,73.20
7254,73.40
7257,73.20
7260,73.20
7263,73.30
7266,73.50
7269,73.50
7272,73.50
7275,73.60
7278,73.50
7281,73.50
7284,73.50
7287,73.20
7290,73.30
7293,73.60
7296,73.60
7299,73.40
7302,73.50
7305,73.40
7308,73.30
7311,73.30
7314,74.00
7317,74.00
7320,74.10
7323,74.10
7326,74.10
7329,74.10
7332,74.00
7335,74.20
7338,74.20
7341,74.20
7344,74.10
7347,74.10
7350,74.10
7353,74.20
7356,74.10
7359,74.10
7362,74.10
7365,74.10
7368,74.00
7371,74.00
7374,74.10
7377,74.10
7380,74.00
7383,74.20
7386,73.40
7389,73.50
7392,72.90
7395,74.00
7398,73.40
7401,73.00
7404,73.20
7407,73.00
7410,73.70
7413,271.50
7416,74.10
7419,178.00
7422,73.20
7425,73.20
7428,73.20
7431,73.20
7434,73.20
7437,73.20
7440,73.20
7443,73.30
7446,73.40
7449,73.30
7452,73.40
7455,73.50
7458,73.40
7461,73.30
7464,73.40
7467,73.30
7470,73.30
7473,73.30
7476,73.50
7479,73.30
7482,73.40
7485,73.40
7488,73.40
7491,73.10
7494,73.30
7497,73.30
7500,73.30
7503,73.30
7506,73.40
7509,73.30
7512,73.30
7515,73.40
7518,73.00
7521,73.30
7524,73.20
7527,73.30
7530,73.80
7533,73.80
7536,73.70
7539,73.80
7542,73.80
7545,74.10
7548,74.10
7551,74.10
7554,74.10
7557,74.20
7560,74.20
7563,74.10
7566,74.10
7569,74.10
7572,74.10
7575,74.10
7578,74.10
7581,74.10
7584,74.10
7587,74.10
7590,74.00
7593,73.30
7596,73.50
7599,74.10
7602,73.60
7605,73.20
7608,73.30
7611,73.30
7614,73.30
7617,73.30
7620,73.60
7623,74.10
7626,74.10
7629,74.10
7632,74.10
7635,74.20
7638,74.10
7641,74.10
7644,74.10
7647,74.10
7650,74.10
7653,73.70
7656,73.70
7659,73.70
7662,73.70
7665,73.70
7668,73.70
7671,73.70
7674,73.70
7677,73.60
7680,73.80
7683,73.70
7686,73.60
7689,73.70
7692,73.60
7695,73.40
7698,73.20
7701,73.90
7704,73.20
7707,73.20
7710,73.30
7713,73.30
7716,73.50
7719,73.40
7722,73.60
7725,74.10
7728,74.10
7731,74.00
7734,74.00
7737,74.10
7740,74.10
7743,74.20
7746,74.00
7749,74.00
7752,74.00
7755,74.10
7758,74.10
7761,74.10
7764,74.10
7767,74.00
7770,74.10
7773,74.10
7776,74.10
7779,73.80
7782,73.80
7785,73.90
7788,73.80
7791,73.80
7794,73.80
7797,73.40
7800,73.40
7803,74.10
7806,73.20
7809,73.20
7812,73.30
7815,73.30
7818,73.30
7821,73.30
7824,73.40
7827,73.40
7830,73.30
7833,73.30
7836,73.30
7839,73.30
7842,73.30
7845,73.30
7848,73.30
7851,73.30
7854,73.30
7857,73.40
7860,73.40
7863,73.40
7866,73.50
7869,73.40
7872,73.30
7875,73.40
7878,73.40
7881,73.40
7884,73.30
7887,73.40
7890,73.30
7893,73.40
7896,73.40
7899,73.60
7902,73.50
7905,73.90
7908,74.20
7911,73.60
7914,73.10
7917,73.30
7920,73.30
7923,73.20
7926,73.20
7929,74.10
7932,74.10
7935,74.10
7938,74.10
7941,74.10
7944,74.10
7947,74.10
7950,74.10
7953,74.10
7956,74.10
7959,74.10
7962,74.00
7965,74.10
7968,74.20
7971,74.10
7974,74.00
7977,74.10
7980,74.10
7983,74.10
7986,74.10
7989,74.10
7992,74.00
7995,74.10
7998,74.10
8001,73.40
8004,73.40
8007,73.30
8010,74.20
8013,73.60
8016,73.20
8019,73.40
8022,73.40
8025,73.30
8028,73.70
8031,74.10
8034,74.10
8037,74.10
8040,74.10
8043,74.20
8046,74.10
8049,74.10
8052,74.10
8055,74.10
8058,74.00
8061,74.20
8064,74.10
8067,74.20
8070,74.20
8073,74.10
8076,74.00
8079,74.10
8082,74.10
8085,74.10
8088,74.20
8091,74.10
8094,74.10
8097,74.10
8100,74.10
8103,73.60
8106,73.50
8109,73.20
8112,73.90
8115,73.30
8118,73.30
8121,73.30
8124,73.40
8127,73.30
8130,73.30
8133,74.20
8136,74.20
8139,74.10
8142,74.10
8145,74.10
8148,74.10
8151,73.70
8154,73.70
8157,73.70
8160,73.70
8163,73.70
8166,73.70
8169,73.70
8172,73.80
8175,73.60
8178,73.70
8181,73.60
8184,73.80
8187,73.70
8190,73.70
8193,73.80
8196,73.80
8199,73.80
8202,73.70
8205,73.60
8208,73.30
8211,73.30
8214,74.30
8217,73.50
8220,73.30
8223,73.30
8226,73.20
8229,73.10
8232,73.30
8235,74.10
8238,74.20
8241,74.10
8244,74.20
8247,74.10
8250,74.10
8253,74.10
8256,74.10
8259,74.10
8262,74.20
8265,74.20
8268,74.20
8271,74.20
8274,74.10
8277,73.80
8280,73.70
8283,73.80
8286,73.80
8289,73.80
8292,73.80
8295,73.90
8298,73.80
8301,73.80
8304,73.70
8307,73.40
8310,73.20
8313,73.10
8316,74.20
8319,73.90
8322,73.30
8325,73.40
8328,73.30
8331,73.40
8334,73.40
8337,73.70
8340,74.00
8343,74.20
8346,74.20
8349,74.10
8352,74.10
8355,74.10
8358,74.20
8361,74.20
8364,74.10
8367,74.10
8370,74.10
8373,74.30
8376,74.20
8379,74.20
8382,74.10
8385,74.00
8388,74.10
8391,74.20
8394,74.00
8397,74.30
8400,73.80
8403,73.80
8406,73.70
8409,73.40
8412,73.20
8415,73.20
8418,74.30
8421,73.80
8424,73.30
8427,73.40
8430,73.20
8433,73.40
8436,73.30
8439,74.20
8442,74.10
8445,74.20
8448,74.10
8451,74.10
8454,74.10
8457,74.10
8460,74.20
8463,74.10
8466,74.10
8469,74.20
8472,74.10
8475,74.20
8478,74.20
8481,74.30
8484,74.10
8487,74.10
8490,74.10
8493,74.10
8496,74.10
8499,74.10
8502,74.20
8505,74.20
8508,74.20
8511,73.40
8514,73.50
8517,73.30
8520,74.30
8523,74.00
8526,73.20
8529,73.40
8532,73.20
8535,73.40
8538,73.40
8541,73.30
8544,73.40
8547,73.20
8550,73.20
8553,73.20
8556,73.30
8559,73.20
8562,73.30
8565,73.40
8568,73.20
8571,73.30
8574,73.40
8577,73.40
8580,73.30
8583,73.40
8586,73.30
8589,73.30
8592,73.30
8595,73.20
8598,73.30
8601,73.40
8604,73.30
8607,73.30
8610,73.30
8613,73.30
8616,73.60
8619,73.40
8622,73.70
8625,73.90
8628,73.30
8631,73.40
8634,73.30
8637,73.50
8640,73.30
8643,73.60
8646,74.20
8649,74.10
8652,73.80
8655,73.90
8658,73.80
8661,73.90
8664,73.90
8667,73.90
8670,73.90
8673,73.90
8676,73.90
8679,73.90
8682,73.90
8685,74.00
8688,73.90
8691,73.80
8694,73.90
8697,73.90
8700,73.90
8703,73.90
8706,73.80
8709,73.80
8712,74.00
8715,73.90
8718,73.50
8721,73.50
8724,73.50
8727,74.00
8730,73.60
8733,73.20
8736,73.30
8739,73.40
8742,73.20
8745,73.30
8748,74.20
8751,74.20
8754,74.20
8757,74.20
8760,74.20
8763,74.20
8766,74.10
8769,74.20
8772,73.80
8775,73.90
8778,73.90
8781,73.80
8784,73.80
8787,73.90
8790,73.80
8793,73.70
8796,73.80
8799,74.10
8802,74.00
8805,74.00
8808,73.90
8811,74.00
8814,74.00
8817,74.10
8820,73.60
8823,73.50
8826,73.90
8829,73.40
8832,73.40
8835,73.40
8838,73.40
8841,73.40
8844,73.20
8847,73.40
8850,73.40
8853,73.40
8856,73.40
8859,73.30
8862,73.30
8865,73.40
8868,73.40
8871,73.40
8874,73.30
8877,73.40
8880,73.40
8883,73.40
8886,73.30
8889,73.40
8892,73.30
8895,73.60
8898,73.90
8901,73.90
8904,73.90
8907,74.20
8910,74.20
8913,74.10
8916,74.20
8919,74.20
8922,73.60
8925,73.40
8928,73.20
8931,74.00
8934,73.50
8937,73.40
8940,73.50
8943,73.50
8946,73.40
8949,73.50
8952,73.50
8955,73.40
8958,73.40
8961,73.30
8964,73.40
8967,73.40
8970,73.40
8973,73.50
8976,73.40
8979,73.40
8982,73.40
8985,73.40
8988,73.40
8991,73.40
8994,73.40
8997,73.40
9000,73.40
9003,73.50
9006,73.40
9009,73.50
9012,73.40
9015,73.60
9018,73.90
9021,74.00
9024,73.50
9027,73.40
9030,73.30
9033,73.90
9036,73.50
9039,73.30
9042,73.30
9045,73.30
9048,73.30
9051,73.20
9054,74.10
9057,74.10
9060,74.20
9063,74.20
9066,74.20
9069,74.10
9072,74.10
9075,74.10
9078,74.10
9081,74.10
9084,74.20
9087,74.10
9090,74.20
9093,74.20
9096,74.10
9099,74.10
9102,74.10
9105,74.20
9108,74.20
9111,74.10
9114,74.20
9117,74.10
9120,74.20
9123,74.00
9126,73.50
9129,73.40
9132,73.10
9135,74.30
9138,73.50
9141,73.30
9144,73.40
9147,73.30
9150,73.30
9153,73.40
9156,74.20
9159,74.00
9162,74.10
9165,74.10
9168,74.10
9171,74.20
9174,74.10
9177,74.10
9180,74.10
9183,74.00
9186,74.10
9189,74.20
9192,74.20
9195,74.10
9198,74.10
9201,74.10
9204,74.10
9207,74.10
9210,74.00
9213,74.10
9216,74.20
9219,74.10
9222,74.20
9225,74.20
9228,73.50
9231,73.20
9234,73.10
9237,74.10
9240,73.40
9243,72.90
9246,73.40
9249,73.30
9252,73.40
9255,73.40
9258,74.20
9261,74.20
9264,73.80
9267,73.90
9270,73.80
9273,73.90
9276,73.90
9279,73.90
9282,73.90
9285,73.90
9288,73.90
9291,73.80
9294,73.90
9297,74.00
9300,74.00
9303,73.80
9306,73.80
9309,73.90
9312,73.90
9315,73.80
9318,73.90
9321,73.90
9324,73.90
9327,73.80
9330,73.40
9333,73.30
9336,73.50
9339,74.00
9342,73.20
9345,73.30
9348,73.20
9351,73.30
9354,73.20
9357,73.30
9360,74.00
9363,74.00
9366,74.20
9369,74.10
9372,74.10
9375,74.10
9378,74.10
9381,74.10
9384,73.80
9387,73.80
9390,73.80
9393,73.80
9396,73.80
9399,73.80
9402,73.80
9405,73.80
9408,73.80
9411,73.70
9414,73.80
9417,73.80
9420,73.90
9423,73.80
9426,73.80
9429,73.80
9432,73.50
9435,73.40
9438,73.20
9441,74.20
9444,73.90
9447,73.30
9450,73.30
9453,73.30
9456,73.30
9459,73.30
9462,73.30
9465,73.20
9468,73.40
9471,73.40
9474,73.40
9477,73.20
9480,73.40
9483,73.40
9486,73.40
9489,73.30
9492,73.30
9495,73.40
9498,73.40
9501,73.40
9504,73.40
9507,73.80
9510,73.80
9513,73.80
9516,73.80
9519,73.80
9522,73.90
9525,73.80
9528,73.80
9531,73.70
9534,73.80
9537,73.40
9540,73.30
9543,73.30
9546,73.30
9549,73.20
9552,73.20
9555,73.20
9558,73.30
9561,73.20
9564,73.20
9567,74.20
9570,74.10
9573,74.00
9576,74.20
9579,74.10
9582,74.10
9585,74.10
9588,74.10
9591,74.10
9594,74.10
9597,74.10
9600,74.10
9603,74.20
9606,74.20
9609,74.10
9612,74.10
9615,74.10
9618,74.10
9621,74.10
9624,74.10
9627,74.10
9630,74.00
9633,74.00
9636,74.00
9639,74.00
9642,73.50
9645,73.90
9648,73.20
9651,73.40
9654,73.50
9657,73.40
9660,73.40
9663,73.30
9666,73.40
9669,74.20
9672,74.10
9675,74.10
9678,74.10
9681,74.10
9684,74.10
9687,74.10
9690,74.20
9693,74.00
9696,74.10
9699,74.10
9702,74.00
9705,74.10
9708,74.20
9711,74.20
9714,74.10
9717,74.00
9720,74.00
9723,74.10
9726,74.30
9729,74.10
9732,74.00
9735,74.10
9738,74.10
9741,73.50
9744,73.50
9747,73.70
9750,73.50
9753,73.40
9756,73.30
9759,73.50
9762,73.50
9765,73.40
9768,73.40
9771,74.10
9774,74.00
9777,74.20
9780,74.10
9783,74.20
9786,74.10
9789,74.10
9792,74.10
9795,74.10
9798,74.10
9801,74.10
9804,74.10
9807,74.20
9810,74.20
9813,74.10
9816,74.10
9819,74.10
9822,74.00
9825,74.10
9828,74.10
9831,74.20
9834,74.10
9837,74.20
9840,74.20
9843,73.60
9846,73.50
9849,73.40
9852,74.30
9855,73.50
9858,73.20
9861,73.30
9864,73.40
9867,73.30
9870,73.60
9873,74.10
9876,74.10
9879,74.10
9882,74.10
9885,74.20
9888,74.20
9891,74.00
9894,74.10
9897,74.10
9900,74.20
9903,74.10
9906,74.10
9909,74.20
9912,74.10
9915,74.10
9918,74.20
9921,74.10
9924,74.10
9927,74.20
9930,74.10
9933,74.20
9936,74.10
9939,74.00
9942,74.20
9945,73.50
9948,73.30
9951,73.90
9954,73.40
9957,70.30
9960,73.30
9963,73.30
9966,73.30
9969,73.30
9972,73.30
9975,74.20
9978,74.10
9981,74.10
9984,74.00
9987,74.10
9990,74.10
9993,73.80
9996,73.80
9999,73.80
10002,73.80
10005,73.80
10008,73.90
10011,73.80
10014,73.90
10017,73.90
10020,73.80
10023,73.80
10026,73.80
10029,73.80
10032,73.80
10035,73.90
10038,73.80
10041,73.80
10044,73.80
10047,73.40
10050,73.20
10053,73.30
10056,74.30
10059,73.40
10062,73.30
10065,73.30
10068,73.40
10071,73.40
10074,73.30
10077,73.90
10080,74.20
10083,74.20
10086,74.10
10089,74.10
10092,74.10
10095,74.10
10098,74.20
10101,74.10
10104,74.20
10107,74.10
10110,74.20
10113,73.80
10116,74.10
10119,74.30
10122,74.10
10125,74.10
10128,74.10
10131,74.10
10134,74.10
10137,74.10
10140,74.20
10143,74.20
10146,74.10
10149,73.20
10152,73.00
10155,73.30
10158,74.20
10161,73.70
10164,73.30
10167,73.30
10170,73.40
10173,73.20
10176,73.30
10179,73.90
10182,74.10
10185,74.10
10188,74.10
10191,74.10
10194,74.10
10197,74.10
10200,74.10
10203,74.10
10206,74.10
10209,74.20
10212,74.10
10215,74.10
10218,74.10
10221,74.20
10224,71.10
10227,73.30
10230,73.80
10233,74.50
10236,73.40
10239,73.50
10242,73.40
10245,73.40
10248,73.40
10251,73.40
10254,73.30
10257,73.30
10260,70.50
10263,73.20
10266,73.40
10269,73.30
10272,73.30
10275,73.30
10278,73.30
10281,74.00
10284,71.40
10287,73.40
10290,73.30
10293,73.40
10296,73.40
10299,74.10
10302,74.20
10305,74.00
10308,74.10
10311,74.10
10314,74.20
10317,74.20
10320,74.10
10323,74.20
10326,74.20
10329,74.10
10332,74.10
10335,74.10
10338,74.10
10341,74.00
10344,74.20
10347,74.20
10350,74.00
10353,73.40
10356,73.90
10359,73.60
10362,73.10
10365,73.20
10368,73.40
10371,73.40
10374,73.40
10377,73.40
10380,73.30
10383,73.60
10386,73.30
10389,73.40
10392,73.30
10395,73.40
10398,73.30
10401,73.30
10404,73.40
10407,73.30
10410,73.40
10413,73.40
10416,73.30
10419,73.40
10422,73.30
10425,73.40
10428,73.30
10431,73.30
10434,73.30
10437,73.40
10440,73.30
10443,73.40
10446,73.30
10449,73.30
10452,73.40
10455,73.30
10458,73.40
10461,73.50
10464,74.10
10467,73.20
10470,73.50
10473,73.50
10476,73.50
10479,73.60
10482,73.80
10485,73.50
10488,74.10
10491,74.10
10494,74.10
10497,74.10
10500,74.10
10503,74.10
10506,74.10
10509,74.10
10512,74.00
10515,74.10
10518,74.00
10521,74.00
10524,74.10
10527,74.10
10530,74.10
10533,74.10
10536,74.10
10539,74.10
10542,74.10
10545,74.00
10548,74.10
10551,74.10
10554,74.10
10557,74.10
10560,73.40
10563,73.40
10566,74.00
10569,73.20
10572,73.50
10575,73.30
10578,73.50
10581,73.30
10584,73.40
10587,73.40
10590,74.10
10593,74.00
10596,74.10
10599,74.10
10602,74.10
10605,74.10
10608,73.90
10611,73.90
10614,73.80
10617,73.90
10620,73.90
10623,73.80
10626,73.90
10629,73.90
10632,73.90
10635,73.80
10638,73.80
10641,73.90
10644,73.90
10647,73.80
10650,73.80
10653,73.90
10656,73.90
10659,73.90
10662,73.60
10665,73.30
10668,73.30
10671,73.20
10674,73.50
10677,73.20
10680,73.40
10683,73.30
10686,73.20
10689,73.20
10692,74.20
10695,74.10
10698,74.10
10701,74.10
10704,74.10
10707,74.10
10710,74.10
10713,74.10
10716,74.00
10719,74.10
10722,74.00
10725,74.10
10728,74.20
10731,74.20
10734,73.80
10737,73.70
10740,73.80
10743,73.80
10746,73.80
10749,73.80
10752,73.90
10755,73.80
10758,73.80
10761,73.80
10764,73.60
10767,73.10
10770,73.20
10773,74.20
10776,73.50
10779,73.20
10782,73.30
10785,73.30
10788,73.20
10791,73.30
10794,74.10
10797,74.10
10800,74.10
10803,74.20
10806,74.20
10809,74.10
10812,74.20
10815,74.10
10818,74.10
10821,74.10
10824,74.10
10827,74.10
10830,74.20
10833,74.20
10836,74.10
10839,74.10
10842,74.10
10845,74.10
10848,74.10
10851,74.10
10854,73.90
10857,73.80
10860,73.80
10863,73.80
10866,73.60
10869,73.40
10872,73.30
10875,74.20
10878,73.50
10881,73.40
10884,73.50
10887,73.40
10890,73.30
10893,73.40
10896,74.10
10899,74.10
10902,74.10
10905,74.00
10908,74.10
10911,74.00
10914,74.10
10917,74.10
10920,74.00
10923,74.20
10926,74.10
10929,74.20
10932,74.10
10935,74.20
10938,74.20
10941,74.10
10944,74.10
10947,74.10
10950,74.10
10953,74.00
10956,74.20
10959,74.20
10962,74.20
10965,74.10
10968,73.50
10971,73.30
10974,73.40
10977,74.30
10980,73.40
10983,73.20
10986,73.30
10989,73.20
10992,73.30
10995,73.30
10998,74.10
11001,74.10
11004,74.10
11007,74.10
11010,74.10
11013,74.20
11016,74.10
11019,74.10
11022,74.10
11025,74.10
11028,74.00
11031,74.00
11034,74.10
11037,74.10
11040,74.10
11043,74.10
11046,74.00
11049,74.00
11052,74.00
11055,74.00
11058,74.00
11061,74.10
11064,74.00
11067,74.10
11070,73.50
11073,73.40
11076,73.50
11079,74.00
11082,73.30
11085,73.20
11088,73.30
11091,73.20
11094,73.20
11097,73.10
11100,73.40
11103,74.10
11106,74.20
11109,74.10
11112,74.10
11115,74.10
11118,74.10
11121,74.10
11124,74.10
11127,74.10
11130,74.10
11133,74.10
11136,74.20
11139,74.10
11142,74.20
11145,74.10
11148,74.10
11151,74.10
11154,74.10
11157,74.10
11160,74.20
11163,74.10
11166,74.10
11169,74.10
11172,74.20
11175,73.10
11178,73.50
11181,74.00
11184,73.10
11187,73.10
11190,73.20
11193,73.20
11196,73.40
11199,73.40
11202,73.30
11205,73.30
11208,73.20
11211,73.40
11214,74.10
11217,74.10
11220,74.10
11223,73.80
11226,73.80
11229,73.80
11232,73.80
11235,73.80
11238,73.90
11241,73.80
11244,73.90
11247,73.80
11250,73.80
11253,73.80
11256,73.80
11259,73.80
11262,73.70
11265,73.90
11268,73.80
11271,73.90
11274,73.80
11277,74.00
11280,73.40
11283,73.30
11286,73.20
11289,73.20
11292,73.40
11295,73.40
11298,73.40
11301,73.30
11304,73.20
11307,74.10
11310,74.10
11313,74.00
11316,74.00
11319,74.00
11322,74.10
11325,74.20
11328,74.10
11331,74.10
11334,74.10
11337,74.10
11340,74.10
11343,74.20
11346,74.20
11349,74.00
11352,74.00
11355,73.90
11358,74.00
11361,74.00
11364,74.00
11367,74.00
11370,74.10
11373,74.00
11376,74.00
11379,74.10
11382,73.40
11385,73.30
11388,74.00
11391,73.60
11394,73.30
11397,73.30
11400,73.30
11403,73.30
11406,73.30
11409,73.30
11412,73.30
11415,73.30
11418,73.20
11421,73.20
11424,73.30
11427,73.30
11430,73.30
11433,73.30
11436,73.20
11439,73.30
11442,73.30
11445,73.40
11448,73.40
11451,73.40
11454,73.30
11457,73.30
11460,73.20
11463,73.20
11466,73.20
11469,73.40
11472,73.40
11475,73.90
11478,73.90
11481,73.60
11484,73.40
11487,73.30
11490,74.00
11493,73.50
11496,73.30
11499,73.30
11502,73.30
11505,73.30
11508,73.30
11511,74.20
11514,74.20
11517,74.10
11520,74.10
11523,74.20
11526,74.20
11529,74.10
11532,74.10
11535,74.10
11538,74.10
11541,74.20
11544,74.20
11547,74.20
11550,74.20
11553,74.20
11556,74.10
11559,74.20
11562,74.10
11565,74.10
11568,74.10
11571,74.20
11574,74.10
11577,74.10
11580,74.20
11583,73.50
11586,73.50
11589,73.30
11592,74.10
11595,73.50
11598,73.20
11601,74.10
11604,74.10
11607,74.00
11610,73.80
11613,74.10
11616,74.10
11619,74.20
11622,74.10
11625,74.10
11628,74.10
11631,74.10
11634,74.10
11637,74.10
11640,74.10
11643,74.20
11646,74.20
11649,74.10
11652,74.20
11655,74.10
11658,74.10
11661,74.10
11664,74.20
11667,74.10
11670,74.10
11673,74.10
11676,74.00
11679,74.10
11682,74.10
11685,73.40
11688,73.20
11691,73.20
11694,73.90
11697,73.60
11700,73.30
11703,73.30
11706,73.30
11709,73.30
11712,73.30
11715,74.10
11718,74.10
11721,74.00
11724,74.10
11727,73.90
11730,73.90
11733,73.80
11736,73.90
11739,73.80
11742,73.90
11745,73.90
11748,73.90
11751,73.90
11754,73.80
11757,74.00
11760,73.90
11763,74.00
11766,74.10
11769,74.10
11772,74.10
11775,74.20
11778,74.10
11781,74.10
11784,74.20
11787,73.90
11790,73.30
11793,73.30
11796,74.00
11799,73.10
11802,73.40
11805,73.40
11808,73.30
11811,73.30
11814,73.30
11817,73.30
11820,73.40
11823,73.40
11826,73.40
11829,73.30
11832,73.40
11835,73.30
11838,73.40
11841,73.40
11844,73.30
11847,73.30
11850,73.30
11853,73.90
11856,73.80
11859,74.00
11862,73.80
11865,73.80
11868,73.80
11871,73.80
11874,73.80
11877,74.00
11880,73.90
11883,73.80
11886,73.80
11889,73.60
11892,73.50
11895,73.20
11898,73.20
11901,73.60
11904,73.30
11907,73.30
11910,73.20
11913,73.20
11916,73.40
11919,73.40
11922,74.10
11925,74.00
11928,74.10
11931,74.10
11934,74.10
11937,74.20
11940,74.20
11943,74.10
11946,74.10
11949,74.10
11952,74.10
11955,74.20
11958,74.20
11961,74.10
11964,74.20
11967,74.10
11970,74.10
11973,74.10
11976,73.80
11979,74.00
11982,73.90
11985,73.90
11988,73.80
11991,73.80
11994,73.30
11997,73.20
12000,73.20
12003,73.20
12006,73.40
12009,73.30
12012,73.20
12015,73.30
12018,73.20
12021,73.20
12024,74.10
12027,74.20
12030,74.10
12033,74.20
12036,74.10
12039,74.10
12042,74.10
12045,74.10
12048,74.10
12051,74.10
12054,74.00
12057,74.10
12060,74.20
12063,74.20
12066,74.10
12069,74.10
12072,74.10
12075,74.10
12078,74.10
12081,74.20
12084,74.10
12087,74.10
12090,74.10
12093,73.30
12096,74.20
12099,73.60
12102,73.20
12105,73.20
12108,73.40
12111,73.30
12114,74.30
12117,73.20
12120,73.30
12123,73.30
12126,73.30
12129,74.10
12132,74.10
12135,74.20
12138,74.20
12141,74.10
12144,74.10
12147,74.20
12150,74.10
12153,74.10
12156,74.10
12159,74.00
12162,74.20
12165,74.10
12168,74.20
12171,74.10
12174,74.10
12177,74.10
12180,74.10
12183,74.10
12186,74.20
12189,74.20
12192,74.10
12195,74.20
12198,73.50
12201,73.50
12204,74.00
12207,74.20
12210,73.50
12213,73.20
12216,73.30
12219,73.40
12222,73.80
12225,73.50
12228,74.10
12231,74.10
12234,74.10
12237,74.00
12240,74.10
12243,74.10
12246,74.20
12249,74.10
12252,74.10
12255,74.00
12258,74.10
12261,74.10
12264,74.10
12267,74.20
12270,74.10
12273,74.00
12276,74.00
12279,74.10
12282,74.10
12285,74.10
12288,74.00
12291,74.20
12294,74.10
12297,74.00
12300,73.40
12303,73.40
12306,70.40
12309,73.20
12312,73.50
12315,73.30
12318,73.30
12321,73.40
12324,73.30
12327,73.40
12330,74.10
12333,74.20
12336,74.20
12339,74.10
12342,74.20
12345,73.90
12348,73.90
12351,73.90
12354,73.90
12357,73.80
12360,73.80
12363,73.80
12366,73.80
12369,73.90
12372,73.90
12375,73.80
12378,73.80
12381,73.90
12384,73.90
12387,73.80
12390,73.80
12393,73.90
12396,73.80
12399,73.80
12402,73.50
12405,73.40
12408,73.00
12411,73.20
12414,73.50
12417,73.30
12420,71.60
12423,73.20
12426,223.40
12429,73.10
12432,74.20
12435,74.20
12438,74.10
12441,74.10
12444,74.10
12447,74.10
12450,74.10
12453,74.10
12456,74.10
12459,74.10
12462,74.10
12465,74.10
12468,74.10
12471,74.00
12474,73.90
12477,73.80
12480,73.80
12483,73.90
12486,73.80
12489,73.90
12492,74.00
12495,74.10
12498,74.20
12501,74.20
12504,73.40
12507,73.10
12510,73.20
12513,74.20
12516,73.40
12519,73.20
12522,73.30
12525,73.20
12528,73.20
12531,73.20
12534,74.10
12537,74.20
12540,74.20
12543,74.20
12546,74.10
12549,74.20
12552,74.20
12555,74.10
12558,74.20
12561,74.10
12564,74.20
12567,74.10
12570,74.20
12573,74.20
12576,74.20
12579,74.20
12582,74.10
12585,74.20
12588,74.10
12591,74.10
12594,74.00
12597,73.90
12600,73.80
12603,73.90
12606,73.50
12609,73.30
12612,73.40
12615,74.00
12618,73.40
12621,73.20
12624,73.30
12627,73.30
12630,73.30
12633,73.10
12636,74.10
12639,74.10
12642,74.10
12645,74.10
12648,74.10
12651,74.10
12654,74.10
12657,74.10
12660,74.00
12663,74.10
12666,74.20
12669,74.10
12672,74.20
12675,74.10
12678,74.20
12681,74.10
12684,74.10
12687,74.10
12690,74.20
12693,74.10
12696,74.20
12699,74.10
12702,74.10
12705,74.10
12708,70.20
12711,73.30
12714,73.30
12717,74.00
12720,73.40
12723,73.20
12726,73.40
12729,73.20
12732,73.30
12735,73.20
12738,74.10
12741,74.20
12744,74.20
12747,74.10
12750,74.10
12753,74.10
12756,74.10
12759,74.10
12762,74.10
12765,74.20
12768,74.10
12771,74.10
12774,74.20
12777,74.20
12780,74.10
12783,74.10
12786,74.10
12789,74.10
12792,74.20
12795,74.00
12798,74.20
12801,74.10
12804,74.10
12807,74.10
12810,73.80
12813,73.80
12816,73.30
12819,73.20
12822,73.30
12825,73.30
12828,73.70
12831,73.60
12834,73.60
12837,73.60
12840,73.70
12843,73.80
12846,73.90
12849,73.90
12852,73.90
12855,74.00
12858,74.10
12861,74.30
12864,74.10
12867,74.20
12870,74.10
12873,74.20
12876,74.10
12879,74.10
12882,74.20
12885,74.20
12888,74.00
12891,74.10
12894,74.20
12897,74.10
12900,74.10
12903,74.20
12906,74.20
12909,74.20
12912,73.70
12915,73.30
12918,73.50
12921,74.20
12924,73.30
12927,73.60
12930,73.40
12933,73.40
12936,73.30
12939,73.40
12942,73.60
12945,74.10
12948,74.10
12951,74.10
12954,74.10
12957,74.10
12960,74.20
12963,74.10
12966,74.10
12969,74.00
12972,74.10
12975,74.20
12978,74.20
12981,74.20
12984,74.10
12987,74.10
12990,74.10
12993,74.10
12996,74.10
12999,74.20
13002,74.10
13005,74.10
13008,74.10
13011,74.20
13014,74.10
13017,73.20
13020,73.50
13023,70.70
13026,73.30
13029,73.60
13032,73.30
13035,73.20
13038,73.30
13041,73.80
13044,73.50
13047,74.10
13050,74.20
13053,74.10
13056,74.10
13059,74.20
13062,74.20
13065,74.10
13068,74.20
13071,74.20
13074,74.10
13077,74.10
13080,74.10
13083,74.20
13086,74.30
13089,74.10
13092,73.90
13095,73.90
13098,73.90
13101,73.90
13104,74.00
13107,75.00
13110,73.50
13113,73.40
13116,74.10
13119,75.20
13122,73.50
13125,73.40
13128,73.40
13131,73.30
13134,73.30
13137,73.30
13140,73.30
13143,73.40
13146,74.10
13149,74.20
13152,74.20
13155,74.20
13158,74.10
13161,74.10
13164,74.20
13167,74.10
13170,74.20
13173,74.20
13176,74.20
13179,74.10
13182,74.20
13185,74.20
13188,74.20
13191,74.20
13194,74.20
13197,74.20
13200,74.20
13203,74.20
13206,74.20
13209,74.20
13212,74.10
13215,74.20
13218,73.90
13221,73.50
13224,73.50
13227,73.20
13230,73.90
13233,73.40
13236,73.40
13239,73.40
13242,73.30
13245,73.30
13248,73.30
13251,73.20
13254,73.30
13257,73.30
13260,73.30
13263,73.30
13266,73.30
13269,73.30
13272,73.40
13275,73.30
13278,73.30
13281,73.30
13284,73.30
13287,73.30
13290,73.30
13293,73.30
13296,73.30
13299,73.30
13302,73.30
13305,73.30
13308,73.30
13311,73.30
13314,73.20
13317,73.20
13320,73.30
13323,73.40
13326,73.20
13329,73.10
13332,73.90
13335,73.50
13338,73.10
13341,74.00
13344,74.10
13347,109.10
13350,53.00
13353,8.40
13356,8.40
13359,8.30
13362,8.30
13365,8.30
13368,8.20
13371,8.20
13374,8.20
13377,8.20
13380,8.20
13383,8.20
13386,8.20
13389,8.20
13392,8.20
13395,8.10
13398,8.20
13401,8.10
13404,8.20
13407,8.10
13410,8.20
13413,8.10
13416,8.10
13419,8.10
13422,18.30
13425,73.20
13428,76.20
13431,16.90
13434,8.30
13437,8.40
13440,8.30
13443,8.30
13446,8.30
13449,8.20
13452,8.30
13455,8.20
13458,8.20
13461,8.20
13464,8.20
13467,8.20
13470,8.20
13473,8.20
13476,8.20
13479,8.20
13482,8.10
13485,8.20
13488,8.10
13491,8.20
13494,8.10
13497,8.10
13500,8.10
13503,8.10
13506,8.10
13509,8.10
13512,8.10
13515,8.10
13518,8.00
13521,11.40
13524,39.20
13527,73.40
13530,27.10
13533,8.40
13536,8.30
13539,8.30
13542,8.30
13545,8.30
13548,8.20
13551,8.20
13554,8.20
13557,8.20
13560,8.20
13563,8.20
13566,8.20
13569,8.20
13572,8.20
13575,8.20
13578,8.20
13581,8.20
13584,8.20
13587,8.10
13590,8.10
13593,8.10
13596,8.10
13599,8.10
13602,8.10
13605,8.10
13608,8.10
13611,8.00
13614,8.00
13617,8.00
13620,8.00
13623,11.20
13626,13.40
13629,73.20
13632,30.70
13635,8.40
13638,8.40
13641,8.30
13644,8.30
13647,8.30
13650,8.30
13653,8.20
13656,8.20
13659,8.20
13662,8.20
13665,8.20
13668,8.20
13671,8.20
13674,8.20
13677,8.20
13680,8.10
13683,8.10
13686,8.20
13689,8.20
13692,8.20
13695,8.10
13698,8.10
13701,8.10
13704,8.10
13707,8.10
13710,8.10
13713,8.10
13716,8.10
13719,8.00
13722,8.00
13725,8.30
13728,18.50
13731,73.70
13734,37.90
13737,8.40
13740,8.30
13743,8.30
13746,8.30
13749,8.30
13752,8.20
13755,8.20
13758,8.30
13761,8.20
13764,8.20
13767,8.20
13770,8.20
13773,8.10
13776,8.20
13779,8.20
13782,8.10
13785,8.20
13788,8.20
13791,8.10
13794,8.20
13797,8.10
13800,8.10
13803,8.10
13806,8.10
13809,8.10
13812,8.10
13815,8.20
13818,8.10
13821,8.00
13824,8.10
13827,8.10
13830,18.20
13833,73.00
13836,78.80
13839,8.30
13842,8.20
13845,8.20
13848,8.30
13851,8.30
13854,8.20
13857,8.20
13860,8.20
13863,8.20
13866,8.20
13869,8.20
13872,8.20
13875,8.10
13878,8.20
13881,8.20
13884,8.10
13887,8.10
13890,8.10
13893,8.20
13896,8.10
13899,8.10
13902,8.10
13905,8.10
13908,8.10
13911,8.10
13914,8.10
13917,8.10
13920,8.10
13923,8.10
13926,8.10
13929,8.00
13932,15.30
13935,73.70
13938,74.00
13941,8.60
13944,8.30
13947,8.30
13950,8.30
13953,8.30
13956,8.30
13959,8.20
13962,8.20
13965,8.20
13968,8.20
13971,8.20
13974,8.20
13977,8.20
13980,8.20
13983,8.10
13986,8.20
13989,8.20
13992,8.10
13995,8.10
13998,8.20
14001,8.10
14004,8.10
14007,8.10
14010,8.10
14013,8.10
14016,8.00
14019,8.10
14022,8.00
14025,8.00
14028,8.10
14031,8.00
14034,18.10
14037,74.00
14040,73.50
14043,10.90
14046,8.30
14049,8.20
14052,8.30
14055,8.20
14058,8.20
14061,8.20
14064,8.20
14067,8.20
14070,8.20
14073,8.20
14076,8.20
14079,8.20
14082,8.20
14085,8.10
14088,8.10
14091,8.10
14094,8.10
14097,8.10
14100,8.10
14103,8.10
14106,8.10
14109,8.20
14112,8.10
14115,8.10
14118,8.10
14121,8.00
14124,8.00
14127,8.10
14130,8.10
14133,8.10
14136,12.90
14139,61.20
14142,73.40
14145,27.10
14148,8.30
14151,8.30
14154,8.30
14157,8.30
14160,8.20
14163,8.20
14166,8.20
14169,8.20
14172,8.20
14175,8.20
14178,8.20
14181,8.20
14184,8.20
14187,8.10
14190,8.20
14193,8.20
14196,8.10
14199,8.10
14202,8.10
14205,8.10
14208,8.00
14211,8.00
14214,8.10
14217,8.10
14220,8.10
14223,8.10
14226,8.00
14229,8.00
14232,8.00
14235,8.00
14238,11.60
14241,74.10
14244,73.80
14247,27.10
14250,8.30
14253,8.30
14256,8.30
14259,8.30
14262,8.30
14265,8.30
14268,8.20
14271,8.30
14274,8.20
14277,8.20
14280,8.20
14283,8.20
14286,8.20
14289,8.20
14292,8.10
14295,8.20
14298,8.10
14301,8.10
14304,8.10
14307,8.10
14310,8.10
14313,8.10
14316,8.10
14319,8.10
14322,8.10
14325,8.10
14328,8.10
14331,8.00
14334,8.10
14337,8.10
14340,11.60
14343,68.40
14346,73.60
14349,27.80
14352,8.30
14355,8.30
14358,8.30
14361,8.30
14364,8.30
14367,8.30
14370,8.30
14373,8.20
14376,8.20
14379,8.20
14382,8.20
14385,8.20
14388,8.20
14391,8.20
14394,8.10
14397,8.20
14400,8.10
14403,8.10
14406,8.10
14409,8.10
14412,8.10
14415,8.20
14418,8.10
14421,8.10
14424,8.10
14427,8.10
14430,8.10
14433,8.00
14436,8.10
14439,8.10
14442,8.80
14445,57.30
14448,73.20
14451,28.70
14454,8.30
14457,8.40
14460,8.30
14463,8.30
14466,8.20
14469,8.20
14472,8.20
14475,8.20
14478,8.30
14481,8.20
14484,8.20
14487,8.10
14490,8.10
14493,8.20
14496,8.10
14499,8.10
14502,8.10
14505,8.10
14508,8.10
14511,8.10
14514,8.10
14517,8.10
14520,8.10
14523,8.00
14526,8.10
14529,8.00
14532,8.10
14535,8.10
14538,8.10
14541,8.10
14544,8.00
14547,24.70
14550,73.40
14553,73.00
14556,8.30
14559,8.30
14562,8.30
14565,8.30
14568,8.30
14571,8.20
14574,8.20
14577,8.20
14580,8.20
14583,8.20
14586,8.20
14589,8.20
14592,8.20
14595,8.20
14598,8.10
14601,8.20
14604,8.10
14607,8.10
14610,8.10
14613,8.10
14616,8.10
14619,8.10
14622,8.10
14625,8.20
14628,8.10
14631,8.10
14634,8.00
14637,8.10
14640,8.10
14643,8.00
14646,8.00
14649,13.80
14652,73.10
14655,76.00
14658,8.30
14661,8.30
14664,8.30
14667,8.30
14670,8.30
14673,8.30
14676,8.20
14679,8.20
14682,8.20
14685,8.20
14688,8.20
14691,8.20
14694,8.20
14697,8.10
14700,8.10
14703,8.20
14706,8.10
14709,8.20
14712,8.10
14715,8.10
14718,8.10
14721,8.10
14724,8.10
14727,8.10
14730,8.10
14733,8.10
14736,8.00
14739,8.00
14742,8.10
14745,8.00
14748,8.00
14751,18.90
14754,73.70
14757,74.10
14760,8.80
14763,8.30
14766,8.20
14769,8.30
14772,8.30
14775,8.20
14778,8.30
14781,8.20
14784,8.20
14787,8.20
14790,8.20
14793,8.20
14796,8.20
14799,8.20
14802,8.20
14805,8.10
14808,8.20
14811,8.20
14814,8.20
14817,8.10
14820,8.10
14823,8.10
14826,8.10
14829,8.10
14832,8.10
14835,8.10
14838,8.10
14841,8.10
14844,8.10
14847,8.00
14850,8.10
14853,12.90
14856,73.10
14859,73.50
14862,27.00
14865,8.30
14868,8.30
14871,8.30
14874,8.20
14877,8.20
14880,8.20
14883,8.20
14886,8.20
14889,8.20
14892,8.20
14895,8.20
14898,8.20
14901,8.20
14904,8.20
14907,8.10
14910,8.20
14913,8.20
14916,8.10
14919,8.10
14922,8.10
14925,8.10
14928,8.10
14931,8.10
14934,8.10
14937,8.00
14940,8.00
14943,8.10
14946,8.00
14949,8.00
14952,8.10
14955,11.90
14958,73.30
14961,73.40
14964,27.10
14967,8.30
14970,8.30
14973,8.30
14976,8.20
14979,8.20
14982,8.20
14985,8.20
14988,8.20
14991,8.20
14994,8.20
14997,8.20
15000,8.20
15003,8.20
15006,8.20
15009,8.10
15012,8.20
15015,8.10
15018,8.10
15021,8.10
15024,8.10
15027,8.10
15030,8.10
15033,8.10
15036,8.10
15039,8.10
15042,8.10
15045,8.00
15048,8.10
15051,8.00
15054,8.10
15057,11.40
15060,71.10
15063,73.80
15066,42.30
15069,8.30
15072,8.30
15075,8.20
15078,8.30
15081,8.20
15084,8.20
15087,8.20
15090,8.20
15093,8.20
15096,8.20
15099,8.20
15102,8.10
15105,8.20
15108,8.20
15111,8.20
15114,8.20
15117,8.20
15120,8.10
15123,8.10
15126,8.10
15129,8.10
15132,8.10
15135,8.10
15138,8.10
15141,8.10
15144,8.00
15147,8.10
15150,8.10
15153,8.10
15156,8.10
15159,9.70
15162,59.40
15165,74.00
15168,27.80
15171,8.30
15174,8.30
15177,8.30
15180,8.20
15183,8.20
15186,8.20
15189,8.30
15192,8.20
15195,8.20
15198,8.20
15201,8.10
15204,8.20
15207,8.20
15210,8.20
15213,8.10
15216,8.10
15219,8.20
15222,8.20
15225,8.10
15228,8.10
15231,8.10
15234,8.10
15237,8.10
15240,8.10
15243,8.00
15246,8.00
15249,8.10
15252,8.10
15255,8.00
15258,8.00
15261,8.00
15264,37.00
15267,73.80
15270,73.90
15273,15.60
15276,8.30
15279,8.30
15282,8.20
15285,8.30
15288,8.20
15291,8.20
15294,8.20
15297,8.20
15300,8.20
15303,8.20
15306,8.20
15309,8.10
15312,8.10
15315,8.10
15318,8.20
15321,8.20
15324,8.10
15327,8.10
15330,8.10
15333,8.10
15336,8.10
15339,8.10
15342,8.10
15345,8.10
15348,8.00
15351,8.10
15354,8.10
15357,8.00
15360,8.10
15363,8.10
15366,13.40
15369,73.80
15372,27.00
15375,8.30
15378,8.30
15381,8.30
15384,8.30
15387,8.20
15390,8.20
15393,8.20
15396,8.20
15399,8.20
15402,8.20
15405,8.20
15408,8.20
15411,8.20
15414,8.20
15417,8.10
15420,8.10
15423,8.10
15426,8.10
15429,8.20
15432,8.10
15435,8.10
15438,8.10
15441,8.10
15444,8.10
15447,8.10
15450,8.10
15453,8.10
15456,8.10
15459,8.10
15462,8.00
15465,8.10
15468,18.80
15471,73.20
15474,76.20
15477,27.00
15480,8.30
15483,8.20
15486,8.30
15489,8.30
15492,8.20
15495,8.20
15498,8.20
15501,8.20
15504,8.20
15507,8.20
15510,8.20
15513,8.20
15516,8.10
15519,8.20
15522,8.20
15525,8.10
15528,8.10
15531,8.10
15534,8.10
15537,8.10
15540,8.10
15543,8.00
15546,8.10
15549,8.10
15552,8.10
15555,8.10
15558,8.10
15561,8.10
15564,8.10
15567,8.10
15570,14.90
15573,73.70
15576,77.90
15579,25.30
15582,8.30
15585,8.20
15588,8.30
15591,8.20
15594,8.20
15597,8.20
15600,8.20
15603,8.20
15606,8.20
15609,8.10
15612,8.20
15615,8.20
15618,8.20
15621,8.10
15624,8.10
15627,8.10
15630,8.10
15633,8.10
15636,8.10
15639,8.10
15642,8.10
15645,8.10
15648,8.10
15651,8.00
15654,8.10
15657,8.10
15660,8.10
15663,8.00
15666,8.00
15669,8.00
15672,12.40
15675,73.10
15678,75.60
15681,8.40
15684,8.30
15687,8.20
15690,8.20
15693,8.20
15696,8.30
15699,8.20
15702,8.30
15705,8.20
15708,8.20
15711,8.20
15714,8.20
15717,8.20
15720,8.20
15723,8.20
15726,8.20
15729,8.20
15732,8.10
15735,8.10
15738,8.10
15741,8.10
15744,8.10
15747,8.20
15750,8.10
15753,8.10
15756,8.10
15759,8.10
15762,8.10
15765,8.10
15768,8.10
15771,8.10
15774,11.30
15777,74.60
15780,73.90
15783,9.30
15786,8.30
15789,8.30
15792,8.20
15795,8.20
15798,8.30
15801,8.20
15804,8.10
15807,8.20
15810,8.20
15813,8.20
15816,8.20
15819,8.20
15822,8.10
15825,8.10
15828,8.10
15831,8.10
15834,8.20
15837,8.10
15840,8.20
15843,8.10
15846,8.10
15849,8.10
15852,8.10
15855,8.10
15858,8.10
15861,8.00
15864,8.10
15867,8.00
15870,8.00
15873,8.00
15876,12.90
15879,62.70
15882,73.30
15885,24.90
15888,8.30
15891,8.30
15894,8.20
15897,8.30
15900,8.20
15903,8.20
15906,8.20
15909,8.20
15912,8.20
15915,8.20
15918,8.20
15921,8.20
15924,8.10
15927,8.20
15930,8.10
15933,8.10
15936,8.10
15939,8.10
15942,8.10
15945,8.10
15948,8.10
15951,8.10
15954,8.10
15957,8.10
15960,8.10
15963,8.10
15966,8.00
15969,8.00
15972,8.00
15975,8.00
15978,11.60
15981,50.80
15984,74.00
15987,27.10
15990,8.30
15993,8.30
15996,8.30
15999,8.20
16002,8.20
16005,8.20
16008,8.20
16011,8.20
16014,8.20
16017,8.20
16020,8.10
16023,8.20
16026,8.10
16029,8.20
16032,8.20
16035,8.10
16038,8.20
16041,8.10
16044,8.20
16047,8.20
16050,8.10
16053,8.20
16056,8.10
16059,8.10
16062,8.10
16065,8.00
16068,8.10
16071,8.10
16074,8.10
16077,8.10
16080,11.50
16083,14.30
16086,73.30
16089,46.80
16092,8.30
16095,8.30
16098,8.20
16101,8.30
16104,8.20
16107,8.20
16110,8.20
16113,8.20
16116,8.20
16119,8.20
16122,8.20
16125,8.20
16128,8.10
16131,8.20
16134,8.10
16137,8.10
16140,8.20
16143,8.10
16146,8.10
16149,8.10
16152,8.00
16155,8.10
16158,8.10
16161,8.10
16164,8.10
16167,8.10
16170,8.10
16173,8.00
16176,8.10
16179,8.00
16182,9.10
16185,59.00
16188,73.90
16191,57.90
16194,21.50
16197,21.40
16200,21.40
16203,21.40
16206,21.40
16209,21.40
16212,21.40
16215,21.40
16218,21.40
16221,21.40
16224,21.40
16227,21.40
16230,21.40
16233,21.40
16236,21.40
16239,21.50
16242,21.40
16245,21.40
16248,21.40
16251,21.40
16254,21.40
16257,21.40
16260,21.40
16263,21.40
16266,21.40
16269,21.50
16272,21.40
16275,22.70
16278,21.40
16281,21.40
16284,21.40
16287,73.90
16290,73.20
16293,79.90
16296,8.40
16299,8.30
16302,8.30
16305,8.30
16308,8.20
16311,8.30
16314,8.20
16317,8.20
16320,8.20
16323,8.20
16326,8.10
16329,8.20
16332,8.10
16335,8.20
16338,8.20
16341,8.10
16344,8.10
16347,8.20
16350,8.20
16353,8.10
16356,8.10
16359,8.10
16362,8.10
16365,8.10
16368,8.10
16371,8.10
16374,8.00
16377,8.00
16380,8.00
16383,8.00
16386,8.00
16389,13.50
16392,73.10
16395,76.70
16398,8.40
16401,8.30
16404,8.30
16407,8.20
16410,8.30
16413,8.20
16416,8.20
16419,8.20
16422,8.20
16425,8.20
16428,8.10
16431,8.20
16434,8.10
16437,8.20
16440,8.10
16443,8.10
16446,8.10
16449,8.10
16452,8.10
16455,8.10
16458,8.10
16461,8.10
16464,8.10
16467,8.10
16470,8.00
16473,8.10
16476,8.10
16479,8.00
16482,8.00
16485,8.10
16488,8.00
16491,19.00
16494,73.20
16497,73.30
16500,10.10
16503,8.30
16506,8.20
16509,8.20
16512,8.30
16515,8.20
16518,8.20
16521,8.20
16524,8.20
16527,8.20
16530,8.20
16533,8.20
16536,8.10
16539,8.20
16542,8.10
16545,8.10
16548,8.10
16551,8.10
16554,8.10
16557,8.10
16560,8.10
16563,8.10
16566,8.10
16569,8.10
16572,8.10
16575,8.10
16578,8.10
16581,8.10
16584,8.00
16587,8.10
16590,8.00
16593,13.10
16596,73.10
16599,73.40
16602,25.70
16605,8.30
16608,8.30
16611,8.30
16614,8.20
16617,8.20
16620,8.20
16623,8.20
16626,8.20
16629,8.20
16632,8.20
16635,8.20
16638,8.20
16641,8.20
16644,8.20
16647,8.10
16650,8.10
16653,8.10
16656,8.10
16659,8.10
16662,8.10
16665,8.00
16668,8.10
16671,8.10
16674,8.10
16677,8.00
16680,8.10
16683,8.10
16686,8.10
16689,8.10
16692,8.00
16695,12.10
16698,73.80
16701,73.90
16704,27.10
16707,8.30
16710,8.20
16713,8.20
16716,8.30
16719,8.20
16722,8.20
16725,8.20
16728,8.20
16731,8.20
16734,8.20
16737,8.10
16740,8.20
16743,8.20
16746,8.20
16749,8.10
16752,8.10
16755,8.10
16758,8.10
16761,8.10
16764,8.10
16767,8.10
16770,8.10
16773,8.10
16776,8.00
16779,8.10
16782,8.10
16785,8.00
16788,8.00
16791,8.00
16794,8.00
16797,11.50
16800,71.50
16803,73.10
16806,27.10
16809,8.30
16812,8.20
16815,8.30
16818,8.30
16821,8.20
16824,8.30
16827,8.20
16830,8.20
16833,8.20
16836,8.20
16839,8.20
16842,8.20
16845,8.10
16848,8.20
16851,8.10
16854,8.10
16857,8.10
16860,8.10
16863,8.10
16866,8.10
16869,8.10
16872,8.10
16875,8.10
16878,8.10
16881,8.10
16884,8.10
16887,8.10
16890,8.00
16893,8.10
16896,8.10
16899,10.00
16902,59.50
16905,73.40
16908,27.80
16911,8.20
16914,8.30
16917,8.30
16920,8.20
16923,8.30
16926,8.20
16929,8.20
16932,8.20
16935,8.20
16938,8.20
16941,8.20
16944,8.20
16947,8.10
16950,8.20
16953,8.20
16956,8.20
16959,8.10
16962,8.10
16965,8.10
16968,8.10
16971,8.10
16974,8.10
16977,8.10
16980,8.10
16983,8.10
16986,8.10
16989,8.00
16992,8.00
16995,8.10
16998,8.10
17001,8.10
17004,43.10
17007,73.10
17010,77.20
17013,8.30
17016,8.30
17019,8.20
17022,8.30
17025,8.20
17028,8.30
17031,8.20
17034,8.30
17037,8.20
17040,8.20
17043,8.20
17046,8.20
17049,8.20
17052,8.20
17055,8.20
17058,8.20
17061,8.10
17064,8.20
17067,8.10
17070,8.10
17073,8.10
17076,8.10
17079,8.10
17082,8.10
17085,8.10
17088,8.10
17091,8.00
17094,8.10
17097,8.10
17100,8.10
17103,8.10
17106,13.40
17109,73.70
17112,74.50
17115,8.30
17118,8.30
17121,8.30
17124,8.30
17127,8.30
17130,8.20
17133,8.30
17136,8.20
17139,8.20
17142,8.20
17145,8.10
17148,8.20
17151,8.20
17154,8.20
17157,8.20
17160,8.10
17163,8.10
17166,8.10
17169,8.10
17172,8.20
17175,8.10
17178,8.00
17181,8.10
17184,8.10
17187,8.10
17190,8.10
17193,8.00
17196,8.10
17199,8.00
17202,8.10
17205,8.10
17208,17.80
17211,73.70
17214,29.60
17217,8.40
17220,8.30
17223,8.30
17226,8.20
17229,8.30
17232,8.20
17235,8.20
17238,8.20
17241,8.30
17244,8.20
17247,8.20
17250,8.20
17253,8.20
17256,8.20
17259,8.20
17262,8.10
17265,8.10
17268,8.10
17271,8.10
17274,8.10
17277,8.10
17280,8.10
17283,8.10
17286,8.10
17289,8.10
17292,8.10
17295,8.10
17298,8.00
17301,8.00
17304,8.00
17307,8.00
17310,15.70
17313,73.20
17316,75.90
17319,15.10
17322,8.30
17325,8.20
17328,8.20
17331,8.30
17334,8.20
17337,8.20
17340,8.20
17343,8.20
17346,8.20
17349,8.10
17352,8.10
17355,8.20
17358,8.20
17361,8.10
17364,8.10
17367,8.10
17370,8.10
17373,8.00
17376,8.10
17379,8.00
17382,8.10
17385,8.10
17388,8.10
17391,8.10
17394,8.10
17397,8.00
17400,8.10
17403,8.00
17406,8.00
17409,8.10
17412,12.50
17415,73.70
17418,76.70
17421,26.70
17424,8.30
17427,8.30
17430,8.20
17433,8.20
17436,8.20
17439,8.20
17442,8.20
17445,8.20
17448,8.10
17451,8.20
17454,8.20
17457,8.20
17460,8.20
17463,8.10
17466,8.20
17469,8.20
17472,8.10
17475,8.20
17478,8.10
17481,8.10
17484,8.10
17487,8.10
17490,8.10
17493,8.10
17496,8.10
17499,8.00
17502,8.00
17505,8.00
17508,8.10
17511,8.10
17514,11.30
17517,74.00
17520,73.30
17523,27.20
17526,8.20
17529,8.30
17532,8.30
17535,8.20
17538,8.20
17541,8.20
17544,8.20
17547,8.20
17550,8.20
17553,8.20
17556,8.20
17559,8.20
17562,8.10
17565,8.20
17568,8.10
17571,8.10
17574,8.10
17577,8.10
17580,8.10
17583,8.10
17586,8.20
17589,8.10
17592,8.10
17595,8.10
17598,8.00
17601,8.00
17604,8.10
17607,8.10
17610,8.10
17613,8.10
17616,10.80
17619,64.00
17622,73.40
17625,27.90
17628,8.30
17631,8.30
17634,8.20
17637,8.20
17640,8.20
17643,8.20
17646,8.30
17649,8.20
17652,8.20
17655,8.20
17658,8.20
17661,8.10
17664,8.20
17667,8.10
17670,8.10
17673,8.10
17676,8.10
17679,8.10
17682,8.10
17685,8.10
17688,8.10
17691,8.10
17694,8.10
17697,8.10
17700,8.10
17703,8.00
17706,8.10
17709,8.00
17712,8.10
17715,8.00
17718,11.80
17721,55.40
17724,73.00
17727,27.10
17730,8.30
17733,8.20
17736,8.30
17739,8.30
17742,8.20
17745,8.20
17748,8.20
17751,8.20
17754,8.20
17757,8.20
17760,8.20
17763,8.10
17766,8.10
17769,8.10
17772,8.10
17775,8.10
17778,8.20
17781,8.10
17784,8.10
17787,8.10
17790,8.10
17793,8.10
17796,8.10
17799,8.10
17802,8.00
17805,8.10
17808,8.10
17811,8.10
17814,8.00
17817,8.00
17820,11.50
17823,21.40
17826,73.00
17829,27.20
17832,8.30
17835,8.30
17838,8.30
17841,8.20
17844,8.20
17847,8.20
17850,8.20
17853,8.20
17856,8.20
17859,8.20
17862,8.20
17865,8.20
17868,8.20
17871,8.10
17874,8.10
17877,8.10
17880,8.10
17883,8.10
17886,8.10
17889,8.10
17892,8.10
17895,8.10
17898,8.00
17901,8.00
17904,8.00
17907,8.10
17910,8.10
17913,8.00
17916,8.10
17919,8.00
17922,9.10
17925,15.20
17928,73.30
17931,49.20
17934,8.90
17937,8.30
17940,8.30
17943,8.20
17946,8.20
17949,8.20
17952,8.10
17955,8.20
17958,8.20
17961,8.10
17964,8.20
17967,8.20
17970,8.20
17973,8.10
17976,8.10
17979,8.10
17982,8.10
17985,8.10
17988,8.10
17991,8.10
17994,8.10
17997,8.10
18000,8.10
18003,8.10
18006,8.10
18009,8.10
18012,8.10
18015,8.10
18018,8.10
18021,8.00
18024,8.00
18027,18.40
18030,73.20
18033,52.00
18036,8.30
18039,8.30
18042,8.30
18045,8.20
18048,8.20
18051,8.30
18054,8.20
18057,8.20
18060,8.20
18063,8.20
18066,8.10
18069,8.20
18072,8.20
18075,8.20
18078,8.10
18081,8.10
18084,8.10
18087,8.10
18090,8.20
18093,8.10
18096,8.10
18099,8.00
18102,8.10
18105,8.10
18108,8.10
18111,8.10
18114,8.00
18117,8.00
18120,8.00
18123,8.00
18126,8.00
18129,13.50
18132,73.30
18135,78.20
18138,8.40
18141,8.20
18144,8.30
18147,8.20
18150,8.30
18153,8.30
18156,8.20
18159,8.20
18162,8.20
18165,8.20
18168,8.20
18171,8.20
18174,8.10
18177,8.10
18180,8.10
18183,8.10
18186,8.10
18189,8.10
18192,8.20
18195,8.10
18198,8.10
18201,8.10
18204,8.20
18207,8.10
18210,8.10
18213,8.00
18216,8.10
18219,8.10
18222,8.00
18225,8.00
18228,8.10
18231,19.10
18234,73.90
18237,74.00
18240,11.70
18243,8.30
18246,8.30
18249,8.30
18252,8.20
18255,8.20
18258,8.20
18261,8.20
18264,8.20
18267,8.20
18270,8.10
18273,8.20
18276,8.20
18279,8.10
18282,8.20
18285,8.20
18288,8.10
18291,8.10
18294,8.10
18297,8.10
18300,8.20
18303,8.00
18306,8.10
18309,8.00
18312,8.10
18315,8.10
18318,8.10
18321,8.00
18324,8.10
18327,8.00
18330,8.00
18333,13.70
18336,68.90
18339,70.70
18342,21.10
18345,8.30
18348,8.30
18351,8.30
18354,8.20
18357,8.20
18360,8.20
18363,8.20
18366,8.20
18369,8.20
18372,8.20
18375,8.20
18378,8.20
18381,8.10
18384,8.20
18387,8.10
18390,8.10
18393,8.10
18396,8.10
18399,8.10
18402,8.10
18405,8.10
18408,8.00
18411,8.10
18414,8.00
18417,8.10
18420,8.10
18423,8.10
18426,8.00
18429,8.00
18432,8.10
18435,12.20
18438,58.20
18441,73.10
18444,29.60
18447,8.30
18450,8.30
18453,8.20
18456,8.30
18459,8.30
18462,8.20
18465,8.20
18468,8.20
18471,8.20
18474,8.20
18477,8.10
18480,8.20
18483,8.20
18486,8.20
18489,8.10
18492,8.20
18495,8.20
18498,8.10
18501,8.10
18504,8.10
18507,8.10
18510,8.10
18513,8.00
18516,8.10
18519,8.10
18522,8.00
18525,8.10
18528,8.00
18531,8.00
18534,8.10
18537,11.30
18540,74.00
18543,70.00
18546,27.20
18549,8.30
18552,8.30
18555,8.20
18558,8.30
18561,8.20
18564,8.20
18567,8.20
18570,8.20
18573,8.20
18576,8.20
18579,8.20
18582,8.10
18585,8.20
18588,8.10
18591,8.10
18594,8.10
18597,8.10
18600,8.10
18603,8.10
18606,8.10
18609,8.00
18612,8.10
18615,8.10
18618,8.10
18621,8.10
18624,8.10
18627,8.10
18630,8.00
18633,8.10
18636,8.00
18639,10.10
18642,60.40
18645,73.10
18648,28.10
18651,8.30
18654,8.30
18657,8.20
18660,8.20
18663,8.20
18666,8.20
18669,8.20
18672,8.20
18675,8.20
18678,8.10
18681,8.20
18684,8.20
18687,8.10
18690,8.20
18693,8.10
18696,8.10
18699,8.10
18702,8.10
18705,8.10
18708,8.10
18711,8.00
18714,8.10
18717,8.10
18720,8.00
18723,8.10
18726,8.00
18729,8.00
18732,8.00
18735,8.10
18738,8.10
18741,8.00
18744,48.10
18747,73.90
18750,70.70
18753,8.90
18756,8.20
18759,8.30
18762,8.30
18765,8.30
18768,8.20
18771,8.20
18774,8.30
18777,8.10
18780,8.10
18783,8.10
18786,8.10
18789,8.10
18792,8.10
18795,8.20
18798,8.20
18801,8.10
18804,8.10
18807,8.10
18810,8.10
18813,8.10
18816,8.10
18819,8.10
18822,8.10
18825,8.10
18828,8.10
18831,8.10
18834,8.00
18837,8.10
18840,8.00
18843,8.00
18846,13.70
18849,73.70
18852,70.60
18855,8.80
18858,8.20
18861,8.30
18864,8.30
18867,8.30
18870,8.20
18873,8.30
18876,8.20
18879,8.20
18882,8.20
18885,8.20
18888,8.10
18891,8.20
18894,8.20
18897,8.10
18900,8.10
18903,8.10
18906,8.10
18909,8.10
18912,8.10
18915,8.10
18918,8.10
18921,8.10
18924,8.10
18927,8.10
18930,8.10
18933,8.10
18936,8.00
18939,8.00
18942,8.00
18945,8.10
18948,16.90
18951,73.30
18954,70.20
18957,11.50
18960,8.30
18963,8.30
18966,8.20
18969,8.20
18972,8.20
18975,8.20
18978,8.20
18981,8.20
18984,8.20
18987,8.20
18990,8.20
18993,8.20
18996,8.20
18999,8.10
19002,8.10
19005,8.10
19008,8.10
19011,8.10
19014,8.10
19017,8.10
19020,8.10
19023,8.10
19026,8.10
19029,8.10
19032,8.10
19035,8.10
19038,8.10
19041,8.10
19044,8.10
19047,8.10
19050,17.00
19053,73.60
19056,70.40
19059,10.70
19062,8.30
19065,8.20
19068,8.30
19071,8.20
19074,8.20
19077,8.20
19080,8.20
19083,8.20
19086,8.20
19089,8.20
19092,8.10
19095,8.20
19098,8.20
19101,8.20
19104,8.10
19107,8.10
19110,8.10
19113,8.10
19116,8.10
19119,8.00
19122,8.10
19125,8.10
19128,8.10
19131,8.00
19134,8.10
19137,8.00
19140,8.10
19143,8.10
19146,8.00
19149,8.00
19152,12.70
19155,73.50
19158,70.40
19161,27.10
19164,8.30
19167,8.30
19170,8.20
19173,8.20
19176,8.20
19179,8.20
19182,8.20
19185,8.20
19188,8.20
19191,8.20
19194,8.20
19197,8.10
19200,8.20
19203,8.10
19206,8.10
19209,8.10
19212,8.20
19215,8.10
19218,8.10
19221,8.10
19224,8.10
19227,8.10
19230,8.10
19233,8.10
19236,8.00
19239,8.10
19242,8.10
19245,8.10
19248,8.00
19251,8.00
19254,11.30
19257,74.10
19260,70.50
19263,21.50
19266,21.40
19269,21.40
19272,21.40
19275,21.50
19278,21.50
19281,21.50
19284,21.40
19287,21.30
19290,21.40
19293,21.40
19296,21.50
19299,21.40
19302,21.40
19305,21.40
19308,21.40
19311,21.40
19314,21.40
19317,21.40
19320,21.40
19323,22.10
19326,21.40
19329,21.40
19332,21.40
19335,21.40
19338,21.40
19341,21.40
19344,21.40
19347,21.40
19350,21.40
19353,21.40
19356,21.40
19359,73.10
19362,70.80
19365,76.10
19368,8.30
19371,8.30
19374,8.30
19377,8.30
19380,8.20
19383,8.20
19386,8.20
19389,8.20
19392,8.20
19395,8.20
19398,8.20
19401,8.10
19404,8.20
19407,8.10
19410,8.20
19413,8.20
19416,8.10
19419,8.20
19422,8.10
19425,8.10
19428,8.10
19431,8.10
19434,8.10
19437,8.10
19440,8.10
19443,8.10
19446,8.00
19449,8.10
19452,8.00
19455,8.10
19458,8.50
19461,57.50
19464,70.50
19467,43.90
19470,8.30
19473,8.30
19476,8.20
19479,8.20
19482,8.20
19485,8.20
19488,8.20
19491,8.20
19494,8.20
19497,8.20
19500,8.20
19503,8.20
19506,8.20
19509,8.20
19512,8.10
19515,8.10
19518,8.10
19521,8.10
19524,8.10
19527,8.10
19530,8.10
19533,8.10
19536,8.10
19539,8.10
19542,8.00
19545,8.00
19548,8.10
19551,8.10
19554,8.10
19557,8.00
19560,8.00
19563,25.60
19566,71.60
19569,27.60
19572,8.40
19575,8.20
19578,8.30
19581,8.30
19584,8.20
19587,8.20
19590,8.30
19593,8.20
19596,8.20
19599,8.20
19602,8.10
19605,8.20
19608,8.20
19611,8.20
19614,8.20
19617,8.10
19620,8.10
19623,8.10
19626,8.10
19629,8.10
19632,8.10
19635,8.10
19638,8.10
19641,8.10
19644,8.10
19647,8.00
19650,8.10
19653,8.00
19656,8.10
19659,8.10
19662,9.50
19665,14.30
19668,73.20
19671,70.20
19674,27.20
19677,8.30
19680,8.30
19683,8.20
19686,8.20
19689,8.20
19692,8.20
19695,8.20
19698,8.20
19701,8.20
19704,8.20
19707,8.20
19710,8.10
19713,8.10
19716,8.10
19719,8.10
19722,8.10
19725,8.10
19728,8.10
19731,8.10
19734,8.20
19737,8.10
19740,8.10
19743,8.10
19746,8.10
19749,8.10
19752,8.10
19755,8.10
19758,8.10
19761,8.00
19764,8.10
19767,18.80
19770,73.60
19773,55.70
19776,9.20
19779,8.20
19782,8.30
19785,8.20
19788,8.20
19791,8.20
19794,8.20
19797,8.20
19800,8.20
19803,8.10
19806,8.20
19809,8.10
19812,8.10
19815,8.20
19818,8.10
19821,8.20
19824,8.10
19827,8.10
19830,8.10
19833,8.10
19836,8.00
19839,8.10
19842,8.10
19845,8.10
19848,8.10
19851,8.00
19854,8.00
19857,8.00
19860,8.00
19863,8.00
19866,8.10
19869,12.90
19872,73.80
19875,70.70
19878,11.30
19881,8.20
19884,8.20
19887,8.20
19890,8.20
19893,8.20
19896,8.20
19899,8.20
19902,8.20
19905,8.20
19908,8.20
19911,8.20
19914,8.20
19917,8.20
19920,8.10
19923,8.20
19926,8.10
19929,8.10
19932,8.10
19935,8.10
19938,8.10
19941,8.10
19944,8.10
19947,8.10
19950,8.10
19953,8.10
19956,8.10
19959,8.10
19962,8.00
19965,8.00
19968,8.00
19971,11.90
19974,73.40
19977,70.10
19980,10.20
19983,8.30
19986,8.30
19989,8.30
19992,8.20
19995,8.20
19998,8.20
